SKIPPED: overlay-harness-contract needs PowerShell (pwsh)
cargo check --workspace
    Checking tze_hud_runtime v0.1.0 (/home/orca/orca/projects/tze-hud/.worktrees/parallel-agents/hud-1wizi/crates/tze_hud_runtime)
    Checking render_artifacts v0.1.0 (/home/orca/orca/projects/tze-hud/.worktrees/parallel-agents/hud-1wizi/examples/render_artifacts)
   Compiling tze_hud_app v0.1.0 (/home/orca/orca/projects/tze-hud/.worktrees/parallel-agents/hud-1wizi/app/tze_hud_app)
    Checking benchmark v0.1.0 (/home/orca/orca/projects/tze-hud/.worktrees/parallel-agents/hud-1wizi/examples/benchmark)
    Checking vertical_slice v0.1.0 (/home/orca/orca/projects/tze-hud/.worktrees/parallel-agents/hud-1wizi/examples/vertical_slice)
    Finished `dev` profile [unoptimized + debuginfo] target(s) in 3.15s
cargo fmt --check
cargo clippy --workspace --all-targets -- -D warnings
    Checking tze_hud_runtime v0.1.0 (/home/orca/orca/projects/tze-hud/.worktrees/parallel-agents/hud-1wizi/crates/tze_hud_runtime)
   Compiling tze_hud_app v0.1.0 (/home/orca/orca/projects/tze-hud/.worktrees/parallel-agents/hud-1wizi/app/tze_hud_app)
    Checking render_artifacts v0.1.0 (/home/orca/orca/projects/tze-hud/.worktrees/parallel-agents/hud-1wizi/examples/render_artifacts)
    Checking poc_demo v0.1.0 (/home/orca/orca/projects/tze-hud/.worktrees/parallel-agents/hud-1wizi/examples/poc_demo)
    Checking benchmark v0.1.0 (/home/orca/orca/projects/tze-hud/.worktrees/parallel-agents/hud-1wizi/examples/benchmark)
    Checking integration v0.1.0 (/home/orca/orca/projects/tze-hud/.worktrees/parallel-agents/hud-1wizi/tests/integration)
    Checking vertical_slice v0.1.0 (/home/orca/orca/projects/tze-hud/.worktrees/parallel-agents/hud-1wizi/examples/vertical_slice)
    Finished `dev` profile [unoptimized + debuginfo] target(s) in 10.00s
    Checking tze_hud_runtime v0.1.0 (/home/orca/orca/projects/tze-hud/.worktrees/parallel-agents/hud-1wizi/crates/tze_hud_runtime)
    Finished `dev` profile [unoptimized + debuginfo] target(s) in 2.89s
warning[duplicate]: found 2 duplicate entries for crate 'bitflags'
   ┌─ /home/orca/orca/projects/tze-hud/.worktrees/parallel-agents/hud-1wizi/Cargo.lock:26:1
   │  
26 │ ╭ bitflags 1.3.2 registry+https://github.com/rust-lang/crates.io-index
27 │ │ bitflags 2.11.0 registry+https://github.com/rust-lang/crates.io-index
   │ ╰─────────────────────────────────────────────────────────────────────┘ lock entries
   │  
   ├ bitflags v1.3.2
     ├── core-graphics v0.23.2
     │   └── winit v0.30.13
     │       ├── tze_hud_compositor v0.1.0
     │       │   ├── integration v0.1.0
     │       │   ├── render_artifacts v0.1.0
     │       │   ├── tze_hud_runtime v0.1.0
     │       │   │   ├── benchmark v0.1.0
     │       │   │   ├── integration v0.1.0 (*)
     │       │   │   ├── (dev) poc_demo v0.1.0
     │       │   │   ├── render_artifacts v0.1.0 (*)
     │       │   │   ├── tze_hud_app v0.1.0
     │       │   │   └── vertical_slice v0.1.0
     │       │   └── (dev) vertical_slice v0.1.0 (*)
     │       └── tze_hud_runtime v0.1.0 (*)
     ├── core-graphics-types v0.1.3
     │   ├── core-graphics v0.23.2 (*)
     │   ├── metal v0.31.0
     │   │   └── wgpu-hal v24.0.4
     │   │       ├── wgpu v24.0.5
     │   │       │   ├── glyphon v0.8.0
     │   │       │   │   └── tze_hud_compositor v0.1.0 (*)
     │   │       │   ├── tze_hud_compositor v0.1.0 (*)
     │   │       │   └── tze_hud_runtime v0.1.0 (*)
     │   │       └── wgpu-core v24.0.5
     │   │           └── wgpu v24.0.5 (*)
     │   └── wgpu-hal v24.0.4 (*)
     └── redox_syscall v0.4.1
         └── winit v0.30.13 (*)
   ├ bitflags v2.11.0
     ├── android-activity v0.6.1
     │   └── winit v0.30.13
     │       ├── tze_hud_compositor v0.1.0
     │       │   ├── integration v0.1.0
     │       │   ├── render_artifacts v0.1.0
     │       │   ├── tze_hud_runtime v0.1.0
     │       │   │   ├── benchmark v0.1.0
     │       │   │   ├── integration v0.1.0 (*)
     │       │   │   ├── (dev) poc_demo v0.1.0
     │       │   │   ├── render_artifacts v0.1.0 (*)
     │       │   │   ├── tze_hud_app v0.1.0
     │       │   │   └── vertical_slice v0.1.0
     │       │   └── (dev) vertical_slice v0.1.0 (*)
     │       └── tze_hud_runtime v0.1.0 (*)
     ├── calloop v0.13.0
     │   ├── calloop-wayland-source v0.3.0
     │   │   └── smithay-client-toolkit v0.19.2
     │   │       ├── sctk-adwaita v0.10.1
     │   │       │   └── winit v0.30.13 (*)
     │   │       └── winit v0.30.13 (*)
     │   ├── smithay-client-toolkit v0.19.2 (*)
     │   └── winit v0.30.13 (*)
     ├── cosmic-text v0.12.1
     │   └── glyphon v0.8.0
     │       └── tze_hud_compositor v0.1.0 (*)
     ├── gpu-alloc v0.6.0
     │   └── wgpu-hal v24.0.4
     │       ├── wgpu v24.0.5
     │       │   ├── glyphon v0.8.0 (*)
     │       │   ├── tze_hud_compositor v0.1.0 (*)
     │       │   └── tze_hud_runtime v0.1.0 (*)
     │       └── wgpu-core v24.0.5
     │           └── wgpu v24.0.5 (*)
     ├── gpu-alloc-types v0.3.0
     │   └── gpu-alloc v0.6.0 (*)
     ├── gpu-descriptor v0.3.2
     │   └── wgpu-hal v24.0.4 (*)
     ├── gpu-descriptor-types v0.2.0
     │   └── gpu-descriptor v0.3.2 (*)
     ├── libredox v0.1.15
     │   └── orbclient v0.3.51
     │       └── winit v0.30.13 (*)
     ├── metal v0.31.0
     │   └── wgpu-hal v24.0.4 (*)
     ├── naga v24.0.0
     │   ├── wgpu-core v24.0.5 (*)
     │   └── wgpu-hal v24.0.4 (*)
     ├── ndk v0.9.0
     │   ├── android-activity v0.6.1 (*)
     │   └── winit v0.30.13 (*)
     ├── objc2-app-kit v0.2.2
     │   └── winit v0.30.13 (*)
     ├── objc2-foundation v0.2.2
     │   ├── objc2-app-kit v0.2.2 (*)
     │   ├── objc2-ui-kit v0.2.2
     │   │   └── winit v0.30.13 (*)
     │   └── winit v0.30.13 (*)
     ├── objc2-ui-kit v0.2.2 (*)
     ├── png v0.18.1
     │   ├── image v0.25.10
     │   │   ├── integration v0.1.0 (*)
     │   │   ├── tze_hud_resource v0.1.0
     │   │   │   ├── integration v0.1.0 (*)
     │   │   │   ├── tze_hud_compositor v0.1.0 (*)
     │   │   │   ├── tze_hud_protocol v0.1.0
     │   │   │   │   ├── integration v0.1.0 (*)
     │   │   │   │   ├── poc_demo v0.1.0 (*)
     │   │   │   │   ├── (dev) tze_hud_app v0.1.0 (*)
     │   │   │   │   ├── tze_hud_projection v0.1.0
     │   │   │   │   │   ├── integration v0.1.0 (*)
     │   │   │   │   │   ├── tze_hud_mcp v0.1.0
     │   │   │   │   │   │   └── tze_hud_runtime v0.1.0 (*)
     │   │   │   │   │   └── tze_hud_runtime v0.1.0 (*)
     │   │   │   │   ├── (dev) tze_hud_protocol v0.1.0 (*)
     │   │   │   │   ├── tze_hud_runtime v0.1.0 (*)
     │   │   │   │   ├── vertical_slice v0.1.0 (*)
     │   │   │   │   └── widget_publish_load_harness v0.1.0
     │   │   │   ├── (dev) tze_hud_resource v0.1.0 (*)
     │   │   │   ├── tze_hud_runtime v0.1.0 (*)
     │   │   │   └── tze_hud_widget v0.1.0
     │   │   │       ├── (dev) tze_hud_compositor v0.1.0 (*)
     │   │   │       └── tze_hud_runtime v0.1.0 (*)
     │   │   └── tze_hud_runtime v0.1.0 (*)
     │   └── tiny-skia v0.12.0
     │       ├── resvg v0.47.0
     │       │   └── tze_hud_compositor v0.1.0 (*)
     │       └── tze_hud_compositor v0.1.0 (*)
     ├── proptest v1.11.0
     │   ├── (dev) tze_hud_compositor v0.1.0 (*)
     │   ├── (dev) tze_hud_config v0.1.0
     │   │   ├── integration v0.1.0 (*)
     │   │   ├── (dev) poc_demo v0.1.0 (*)
     │   │   ├── tze_hud_app v0.1.0 (*)
     │   │   ├── tze_hud_projection v0.1.0 (*)
     │   │   ├── tze_hud_runtime v0.1.0 (*)
     │   │   └── vertical_slice v0.1.0 (*)
     │   ├── (dev) tze_hud_input v0.1.0
     │   │   ├── benchmark v0.1.0 (*)
     │   │   ├── integration v0.1.0 (*)
     │   │   ├── tze_hud_compositor v0.1.0 (*)
     │   │   ├── (dev) tze_hud_projection v0.1.0 (*)
     │   │   ├── tze_hud_runtime v0.1.0 (*)
     │   │   └── (dev) vertical_slice v0.1.0 (*)
     │   ├── (dev) tze_hud_projection v0.1.0 (*)
     │   ├── (dev) tze_hud_protocol v0.1.0 (*)
     │   ├── (dev) tze_hud_resource v0.1.0 (*)
     │   └── (dev) tze_hud_scene v0.1.0
     │       ├── benchmark v0.1.0 (*)
     │       ├── integration v0.1.0 (*)
     │       ├── (dev) poc_demo v0.1.0 (*)
     │       ├── render_artifacts v0.1.0 (*)
     │       ├── tze_hud_app v0.1.0 (*)
     │       ├── tze_hud_compositor v0.1.0 (*)
     │       ├── tze_hud_config v0.1.0 (*)
     │       ├── tze_hud_input v0.1.0 (*)
     │       ├── tze_hud_mcp v0.1.0 (*)
     │       ├── (dev) tze_hud_projection v0.1.0 (*)
     │       ├── tze_hud_protocol v0.1.0 (*)
     │       ├── tze_hud_runtime v0.1.0 (*)
     │       ├── (dev) tze_hud_scene v0.1.0 (*)
     │       ├── tze_hud_widget v0.1.0 (*)
     │       └── (dev) vertical_slice v0.1.0 (*)
     ├── redox_syscall v0.5.18
     │   └── parking_lot_core v0.9.12
     │       ├── dashmap v6.1.0
     │       │   └── tze_hud_resource v0.1.0 (*)
     │       └── parking_lot v0.12.5
     │           ├── tokio v1.50.0
     │           │   ├── benchmark v0.1.0 (*)
     │           │   ├── h2 v0.4.19
     │           │   │   ├── hyper v1.8.1
     │           │   │   │   ├── hyper-timeout v0.5.2
     │           │   │   │   │   └── tonic v0.13.1
     │           │   │   │   │       ├── integration v0.1.0 (*)
     │           │   │   │   │       ├── poc_demo v0.1.0 (*)
     │           │   │   │   │       ├── tze_hud_protocol v0.1.0 (*)
     │           │   │   │   │       ├── tze_hud_runtime v0.1.0 (*)
     │           │   │   │   │       ├── vertical_slice v0.1.0 (*)
     │           │   │   │   │       └── widget_publish_load_harness v0.1.0 (*)
     │           │   │   │   ├── hyper-util v0.1.20
     │           │   │   │   │   ├── hyper-timeout v0.5.2 (*)
     │           │   │   │   │   └── tonic v0.13.1 (*)
     │           │   │   │   └── tonic v0.13.1 (*)
     │           │   │   ├── integration v0.1.0 (*)
     │           │   │   └── tonic v0.13.1 (*)
     │           │   ├── hyper v1.8.1 (*)
     │           │   ├── hyper-timeout v0.5.2 (*)
     │           │   ├── hyper-util v0.1.20 (*)
     │           │   ├── integration v0.1.0 (*)
     │           │   ├── poc_demo v0.1.0 (*)
     │           │   ├── render_artifacts v0.1.0 (*)
     │           │   ├── tokio-stream v0.1.18
     │           │   │   ├── integration v0.1.0 (*)
     │           │   │   ├── poc_demo v0.1.0 (*)
     │           │   │   ├── tonic v0.13.1 (*)
     │           │   │   ├── (dev) tze_hud_app v0.1.0 (*)
     │           │   │   ├── tze_hud_protocol v0.1.0 (*)
     │           │   │   ├── tze_hud_runtime v0.1.0 (*)
     │           │   │   ├── vertical_slice v0.1.0 (*)
     │           │   │   └── widget_publish_load_harness v0.1.0 (*)
     │           │   ├── tokio-util v0.7.18
     │           │   │   ├── h2 v0.4.19 (*)
     │           │   │   ├── tokio-stream v0.1.18 (*)
     │           │   │   └── tower v0.5.3
     │           │   │       ├── axum v0.8.8
     │           │   │       │   └── tonic v0.13.1 (*)
     │           │   │       └── tonic v0.13.1 (*)
     │           │   ├── tonic v0.13.1 (*)
     │           │   ├── tower v0.5.3 (*)
     │           │   ├── tze_hud_app v0.1.0 (*)
     │           │   ├── (dev) tze_hud_compositor v0.1.0 (*)
     │           │   ├── (dev) tze_hud_mcp v0.1.0 (*)
     │           │   ├── tze_hud_protocol v0.1.0 (*)
     │           │   ├── tze_hud_resource v0.1.0 (*)
     │           │   ├── (dev) tze_hud_runtime v0.1.0 (*)
     │           │   ├── vertical_slice v0.1.0 (*)
     │           │   └── widget_publish_load_harness v0.1.0 (*)
     │           ├── wgpu v24.0.5 (*)
     │           ├── wgpu-core v24.0.5 (*)
     │           └── wgpu-hal v24.0.4 (*)
     ├── redox_syscall v0.7.3
     │   └── libredox v0.1.15 (*)
     ├── rustix v0.38.44
     │   ├── calloop v0.13.0 (*)
     │   ├── calloop-wayland-source v0.3.0 (*)
     │   ├── smithay-client-toolkit v0.19.2 (*)
     │   └── winit v0.30.13 (*)
     ├── rustix v1.1.4
     │   ├── gethostname v1.1.0
     │   │   └── x11rb v0.13.2
     │   │       └── winit v0.30.13 (*)
     │   ├── polling v3.11.0
     │   │   └── calloop v0.13.0 (*)
     │   ├── tempfile v3.27.0
     │   │   ├── proptest v1.11.0 (*)
     │   │   ├── prost-build v0.13.5
     │   │   │   └── tonic-build v0.13.1
     │   │   │       └── (build) tze_hud_protocol v0.1.0 (*)
     │   │   ├── rusty-fork v0.3.1
     │   │   │   └── proptest v1.11.0 (*)
     │   │   ├── (dev) tze_hud_config v0.1.0 (*)
     │   │   ├── (dev) tze_hud_protocol v0.1.0 (*)
     │   │   ├── (dev) tze_hud_resource v0.1.0 (*)
     │   │   ├── (dev) tze_hud_runtime v0.1.0 (*)
     │   │   └── (dev) tze_hud_widget v0.1.0 (*)
     │   ├── wayland-backend v0.3.14
     │   │   ├── calloop-wayland-source v0.3.0 (*)
     │   │   ├── smithay-client-toolkit v0.19.2 (*)
     │   │   ├── wayland-client v0.31.13
     │   │   │   ├── calloop-wayland-source v0.3.0 (*)
     │   │   │   ├── smithay-client-toolkit v0.19.2 (*)
     │   │   │   ├── wayland-cursor v0.31.13
     │   │   │   │   └── smithay-client-toolkit v0.19.2 (*)
     │   │   │   ├── wayland-protocols v0.32.11
     │   │   │   │   ├── smithay-client-toolkit v0.19.2 (*)
     │   │   │   │   ├── wayland-protocols-plasma v0.3.11
     │   │   │   │   │   └── winit v0.30.13 (*)
     │   │   │   │   ├── wayland-protocols-wlr v0.3.11
     │   │   │   │   │   └── smithay-client-toolkit v0.19.2 (*)
     │   │   │   │   └── winit v0.30.13 (*)
     │   │   │   ├── wayland-protocols-plasma v0.3.11 (*)
     │   │   │   ├── wayland-protocols-wlr v0.3.11 (*)
     │   │   │   └── winit v0.30.13 (*)
     │   │   ├── wayland-csd-frame v0.3.0
     │   │   │   └── smithay-client-toolkit v0.19.2 (*)
     │   │   ├── wayland-protocols v0.32.11 (*)
     │   │   ├── wayland-protocols-plasma v0.3.11 (*)
     │   │   ├── wayland-protocols-wlr v0.3.11 (*)
     │   │   └── winit v0.30.13 (*)
     │   ├── wayland-client v0.31.13 (*)
     │   ├── wayland-cursor v0.31.13 (*)
     │   └── x11rb v0.13.2 (*)
     ├── rustybuzz v0.14.1
     │   └── cosmic-text v0.12.1 (*)
     ├── rustybuzz v0.20.1
     │   └── usvg v0.47.0
     │       └── resvg v0.47.0 (*)
     ├── smithay-client-toolkit v0.19.2 (*)
     ├── spirv v0.3.0+sdk-1.3.268.0
     │   └── naga v24.0.0 (*)
     ├── wayland-client v0.31.13 (*)
     ├── wayland-csd-frame v0.3.0 (*)
     ├── wayland-protocols v0.32.11 (*)
     ├── wayland-protocols-plasma v0.3.11 (*)
     ├── wayland-protocols-wlr v0.3.11 (*)
     ├── wgpu v24.0.5 (*)
     ├── wgpu-core v24.0.5 (*)
     ├── wgpu-hal v24.0.4 (*)
     ├── wgpu-types v24.0.0
     │   ├── wgpu v24.0.5 (*)
     │   ├── wgpu-core v24.0.5 (*)
     │   └── wgpu-hal v24.0.4 (*)
     ├── winit v0.30.13 (*)
     └── xkbcommon-dl v0.4.2
         └── winit v0.30.13 (*)

warning[duplicate]: found 2 duplicate entries for crate 'fontdb'
   ┌─ /home/orca/orca/projects/tze-hud/.worktrees/parallel-agents/hud-1wizi/Cargo.lock:95:1
   │  
95 │ ╭ fontdb 0.16.2 registry+https://github.com/rust-lang/crates.io-index
96 │ │ fontdb 0.23.0 registry+https://github.com/rust-lang/crates.io-index
   │ ╰───────────────────────────────────────────────────────────────────┘ lock entries
   │  
   ├ fontdb v0.16.2
     └── cosmic-text v0.12.1
         └── glyphon v0.8.0
             └── tze_hud_compositor v0.1.0
                 ├── integration v0.1.0
                 ├── render_artifacts v0.1.0
                 ├── tze_hud_runtime v0.1.0
                 │   ├── benchmark v0.1.0
                 │   ├── integration v0.1.0 (*)
                 │   ├── (dev) poc_demo v0.1.0
                 │   ├── render_artifacts v0.1.0 (*)
                 │   ├── tze_hud_app v0.1.0
                 │   └── vertical_slice v0.1.0
                 └── (dev) vertical_slice v0.1.0 (*)
   ├ fontdb v0.23.0
     └── usvg v0.47.0
         └── resvg v0.47.0
             └── tze_hud_compositor v0.1.0
                 ├── integration v0.1.0
                 ├── render_artifacts v0.1.0
                 ├── tze_hud_runtime v0.1.0
                 │   ├── benchmark v0.1.0
                 │   ├── integration v0.1.0 (*)
                 │   ├── (dev) poc_demo v0.1.0
                 │   ├── render_artifacts v0.1.0 (*)
                 │   ├── tze_hud_app v0.1.0
                 │   └── vertical_slice v0.1.0
                 └── (dev) vertical_slice v0.1.0 (*)

warning[duplicate]: found 2 duplicate entries for crate 'getrandom'
    ┌─ /home/orca/orca/projects/tze-hud/.worktrees/parallel-agents/hud-1wizi/Cargo.lock:107:1
    │  
107 │ ╭ getrandom 0.3.4 registry+https://github.com/rust-lang/crates.io-index
108 │ │ getrandom 0.4.2 registry+https://github.com/rust-lang/crates.io-index
    │ ╰─────────────────────────────────────────────────────────────────────┘ lock entries
    │  
    ├ getrandom v0.3.4
      ├── ahash v0.8.12
      │   └── winit v0.30.13
      │       ├── tze_hud_compositor v0.1.0
      │       │   ├── integration v0.1.0
      │       │   ├── render_artifacts v0.1.0
      │       │   ├── tze_hud_runtime v0.1.0
      │       │   │   ├── benchmark v0.1.0
      │       │   │   ├── integration v0.1.0 (*)
      │       │   │   ├── (dev) poc_demo v0.1.0
      │       │   │   ├── render_artifacts v0.1.0 (*)
      │       │   │   ├── tze_hud_app v0.1.0
      │       │   │   └── vertical_slice v0.1.0
      │       │   └── (dev) vertical_slice v0.1.0 (*)
      │       └── tze_hud_runtime v0.1.0 (*)
      ├── jobserver v0.1.34
      │   └── cc v1.2.57
      │       ├── (build) android-activity v0.6.1
      │       │   └── winit v0.30.13 (*)
      │       ├── (build) blake3 v1.8.3
      │       │   ├── benchmark v0.1.0 (*)
      │       │   ├── integration v0.1.0 (*)
      │       │   ├── tze_hud_compositor v0.1.0 (*)
      │       │   ├── tze_hud_projection v0.1.0
      │       │   │   ├── integration v0.1.0 (*)
      │       │   │   ├── tze_hud_mcp v0.1.0
      │       │   │   │   └── tze_hud_runtime v0.1.0 (*)
      │       │   │   └── tze_hud_runtime v0.1.0 (*)
      │       │   ├── tze_hud_protocol v0.1.0
      │       │   │   ├── integration v0.1.0 (*)
      │       │   │   ├── poc_demo v0.1.0 (*)
      │       │   │   ├── (dev) tze_hud_app v0.1.0 (*)
      │       │   │   ├── tze_hud_projection v0.1.0 (*)
      │       │   │   ├── (dev) tze_hud_protocol v0.1.0 (*)
      │       │   │   ├── tze_hud_runtime v0.1.0 (*)
      │       │   │   ├── vertical_slice v0.1.0 (*)
      │       │   │   └── widget_publish_load_harness v0.1.0
      │       │   ├── tze_hud_resource v0.1.0
      │       │   │   ├── integration v0.1.0 (*)
      │       │   │   ├── tze_hud_compositor v0.1.0 (*)
      │       │   │   ├── tze_hud_protocol v0.1.0 (*)
      │       │   │   ├── (dev) tze_hud_resource v0.1.0 (*)
      │       │   │   ├── tze_hud_runtime v0.1.0 (*)
      │       │   │   └── tze_hud_widget v0.1.0
      │       │   │       ├── (dev) tze_hud_compositor v0.1.0 (*)
      │       │   │       └── tze_hud_runtime v0.1.0 (*)
      │       │   └── tze_hud_scene v0.1.0
      │       │       ├── benchmark v0.1.0 (*)
      │       │       ├── integration v0.1.0 (*)
      │       │       ├── (dev) poc_demo v0.1.0 (*)
      │       │       ├── render_artifacts v0.1.0 (*)
      │       │       ├── tze_hud_app v0.1.0 (*)
      │       │       ├── tze_hud_compositor v0.1.0 (*)
      │       │       ├── tze_hud_config v0.1.0
      │       │       │   ├── integration v0.1.0 (*)
      │       │       │   ├── (dev) poc_demo v0.1.0 (*)
      │       │       │   ├── tze_hud_app v0.1.0 (*)
      │       │       │   ├── tze_hud_projection v0.1.0 (*)
      │       │       │   ├── tze_hud_runtime v0.1.0 (*)
      │       │       │   └── vertical_slice v0.1.0 (*)
      │       │       ├── tze_hud_input v0.1.0
      │       │       │   ├── benchmark v0.1.0 (*)
      │       │       │   ├── integration v0.1.0 (*)
      │       │       │   ├── tze_hud_compositor v0.1.0 (*)
      │       │       │   ├── (dev) tze_hud_projection v0.1.0 (*)
      │       │       │   ├── tze_hud_runtime v0.1.0 (*)
      │       │       │   └── (dev) vertical_slice v0.1.0 (*)
      │       │       ├── tze_hud_mcp v0.1.0 (*)
      │       │       ├── (dev) tze_hud_projection v0.1.0 (*)
      │       │       ├── tze_hud_protocol v0.1.0 (*)
      │       │       ├── tze_hud_runtime v0.1.0 (*)
      │       │       ├── (dev) tze_hud_scene v0.1.0 (*)
      │       │       ├── tze_hud_widget v0.1.0 (*)
      │       │       └── (dev) vertical_slice v0.1.0 (*)
      │       ├── embed-resource v3.0.8
      │       │   └── (build) tze_hud_app v0.1.0 (*)
      │       ├── (build) vswhom-sys v0.1.3
      │       │   └── vswhom v0.1.0
      │       │       └── embed-resource v3.0.8 (*)
      │       └── (build) wayland-backend v0.3.14
      │           ├── calloop-wayland-source v0.3.0
      │           │   └── smithay-client-toolkit v0.19.2
      │           │       ├── sctk-adwaita v0.10.1
      │           │       │   └── winit v0.30.13 (*)
      │           │       └── winit v0.30.13 (*)
      │           ├── smithay-client-toolkit v0.19.2 (*)
      │           ├── wayland-client v0.31.13
      │           │   ├── calloop-wayland-source v0.3.0 (*)
      │           │   ├── smithay-client-toolkit v0.19.2 (*)
      │           │   ├── wayland-cursor v0.31.13
      │           │   │   └── smithay-client-toolkit v0.19.2 (*)
      │           │   ├── wayland-protocols v0.32.11
      │           │   │   ├── smithay-client-toolkit v0.19.2 (*)
      │           │   │   ├── wayland-protocols-plasma v0.3.11
      │           │   │   │   └── winit v0.30.13 (*)
      │           │   │   ├── wayland-protocols-wlr v0.3.11
      │           │   │   │   └── smithay-client-toolkit v0.19.2 (*)
      │           │   │   └── winit v0.30.13 (*)
      │           │   ├── wayland-protocols-plasma v0.3.11 (*)
      │           │   ├── wayland-protocols-wlr v0.3.11 (*)
      │           │   └── winit v0.30.13 (*)
      │           ├── wayland-csd-frame v0.3.0
      │           │   └── smithay-client-toolkit v0.19.2 (*)
      │           ├── wayland-protocols v0.32.11 (*)
      │           ├── wayland-protocols-plasma v0.3.11 (*)
      │           ├── wayland-protocols-wlr v0.3.11 (*)
      │           └── winit v0.30.13 (*)
      ├── rand_core v0.9.5
      │   ├── rand v0.9.2
      │   │   └── proptest v1.11.0
      │   │       ├── (dev) tze_hud_compositor v0.1.0 (*)
      │   │       ├── (dev) tze_hud_config v0.1.0 (*)
      │   │       ├── (dev) tze_hud_input v0.1.0 (*)
      │   │       ├── (dev) tze_hud_projection v0.1.0 (*)
      │   │       ├── (dev) tze_hud_protocol v0.1.0 (*)
      │   │       ├── (dev) tze_hud_resource v0.1.0 (*)
      │   │       └── (dev) tze_hud_scene v0.1.0 (*)
      │   ├── rand_chacha v0.9.0
      │   │   └── proptest v1.11.0 (*)
      │   └── rand_xorshift v0.4.0
      │       └── proptest v1.11.0 (*)
      ├── tze_hud_projection v0.1.0 (*)
      └── tze_hud_runtime v0.1.0 (*)
    ├ getrandom v0.4.2
      ├── tempfile v3.27.0
      │   ├── proptest v1.11.0
      │   │   ├── (dev) tze_hud_compositor v0.1.0
      │   │   │   ├── integration v0.1.0
      │   │   │   ├── render_artifacts v0.1.0
      │   │   │   ├── tze_hud_runtime v0.1.0
      │   │   │   │   ├── benchmark v0.1.0
      │   │   │   │   ├── integration v0.1.0 (*)
      │   │   │   │   ├── (dev) poc_demo v0.1.0
      │   │   │   │   ├── render_artifacts v0.1.0 (*)
      │   │   │   │   ├── tze_hud_app v0.1.0
      │   │   │   │   └── vertical_slice v0.1.0
      │   │   │   └── (dev) vertical_slice v0.1.0 (*)
      │   │   ├── (dev) tze_hud_config v0.1.0
      │   │   │   ├── integration v0.1.0 (*)
      │   │   │   ├── (dev) poc_demo v0.1.0 (*)
      │   │   │   ├── tze_hud_app v0.1.0 (*)
      │   │   │   ├── tze_hud_projection v0.1.0
      │   │   │   │   ├── integration v0.1.0 (*)
      │   │   │   │   ├── tze_hud_mcp v0.1.0
      │   │   │   │   │   └── tze_hud_runtime v0.1.0 (*)
      │   │   │   │   └── tze_hud_runtime v0.1.0 (*)
      │   │   │   ├── tze_hud_runtime v0.1.0 (*)
      │   │   │   └── vertical_slice v0.1.0 (*)
      │   │   ├── (dev) tze_hud_input v0.1.0
      │   │   │   ├── benchmark v0.1.0 (*)
      │   │   │   ├── integration v0.1.0 (*)
      │   │   │   ├── tze_hud_compositor v0.1.0 (*)
      │   │   │   ├── (dev) tze_hud_projection v0.1.0 (*)
      │   │   │   ├── tze_hud_runtime v0.1.0 (*)
      │   │   │   └── (dev) vertical_slice v0.1.0 (*)
      │   │   ├── (dev) tze_hud_projection v0.1.0 (*)
      │   │   ├── (dev) tze_hud_protocol v0.1.0
      │   │   │   ├── integration v0.1.0 (*)
      │   │   │   ├── poc_demo v0.1.0 (*)
      │   │   │   ├── (dev) tze_hud_app v0.1.0 (*)
      │   │   │   ├── tze_hud_projection v0.1.0 (*)
      │   │   │   ├── (dev) tze_hud_protocol v0.1.0 (*)
      │   │   │   ├── tze_hud_runtime v0.1.0 (*)
      │   │   │   ├── vertical_slice v0.1.0 (*)
      │   │   │   └── widget_publish_load_harness v0.1.0
      │   │   ├── (dev) tze_hud_resource v0.1.0
      │   │   │   ├── integration v0.1.0 (*)
      │   │   │   ├── tze_hud_compositor v0.1.0 (*)
      │   │   │   ├── tze_hud_protocol v0.1.0 (*)
      │   │   │   ├── (dev) tze_hud_resource v0.1.0 (*)
      │   │   │   ├── tze_hud_runtime v0.1.0 (*)
      │   │   │   └── tze_hud_widget v0.1.0
      │   │   │       ├── (dev) tze_hud_compositor v0.1.0 (*)
      │   │   │       └── tze_hud_runtime v0.1.0 (*)
      │   │   └── (dev) tze_hud_scene v0.1.0
      │   │       ├── benchmark v0.1.0 (*)
      │   │       ├── integration v0.1.0 (*)
      │   │       ├── (dev) poc_demo v0.1.0 (*)
      │   │       ├── render_artifacts v0.1.0 (*)
      │   │       ├── tze_hud_app v0.1.0 (*)
      │   │       ├── tze_hud_compositor v0.1.0 (*)
      │   │       ├── tze_hud_config v0.1.0 (*)
      │   │       ├── tze_hud_input v0.1.0 (*)
      │   │       ├── tze_hud_mcp v0.1.0 (*)
      │   │       ├── (dev) tze_hud_projection v0.1.0 (*)
      │   │       ├── tze_hud_protocol v0.1.0 (*)
      │   │       ├── tze_hud_runtime v0.1.0 (*)
      │   │       ├── (dev) tze_hud_scene v0.1.0 (*)
      │   │       ├── tze_hud_widget v0.1.0 (*)
      │   │       └── (dev) vertical_slice v0.1.0 (*)
      │   ├── prost-build v0.13.5
      │   │   └── tonic-build v0.13.1
      │   │       └── (build) tze_hud_protocol v0.1.0 (*)
      │   ├── rusty-fork v0.3.1
      │   │   └── proptest v1.11.0 (*)
      │   ├── (dev) tze_hud_config v0.1.0 (*)
      │   ├── (dev) tze_hud_protocol v0.1.0 (*)
      │   ├── (dev) tze_hud_resource v0.1.0 (*)
      │   ├── (dev) tze_hud_runtime v0.1.0 (*)
      │   └── (dev) tze_hud_widget v0.1.0 (*)
      └── uuid v1.22.0
          ├── integration v0.1.0 (*)
          ├── poc_demo v0.1.0 (*)
          ├── tze_hud_projection v0.1.0 (*)
          ├── tze_hud_protocol v0.1.0 (*)
          ├── tze_hud_runtime v0.1.0 (*)
          └── tze_hud_scene v0.1.0 (*)

warning[duplicate]: found 3 duplicate entries for crate 'hashbrown'
    ┌─ /home/orca/orca/projects/tze-hud/.worktrees/parallel-agents/hud-1wizi/Cargo.lock:120:1
    │  
120 │ ╭ hashbrown 0.14.5 registry+https://github.com/rust-lang/crates.io-index
121 │ │ hashbrown 0.15.5 registry+https://github.com/rust-lang/crates.io-index
122 │ │ hashbrown 0.16.1 registry+https://github.com/rust-lang/crates.io-index
    │ ╰──────────────────────────────────────────────────────────────────────┘ lock entries
    │  
    ├ hashbrown v0.14.5
      └── dashmap v6.1.0
          └── tze_hud_resource v0.1.0
              ├── integration v0.1.0
              ├── tze_hud_compositor v0.1.0
              │   ├── integration v0.1.0 (*)
              │   ├── render_artifacts v0.1.0
              │   ├── tze_hud_runtime v0.1.0
              │   │   ├── benchmark v0.1.0
              │   │   ├── integration v0.1.0 (*)
              │   │   ├── (dev) poc_demo v0.1.0
              │   │   ├── render_artifacts v0.1.0 (*)
              │   │   ├── tze_hud_app v0.1.0
              │   │   └── vertical_slice v0.1.0
              │   └── (dev) vertical_slice v0.1.0 (*)
              ├── tze_hud_protocol v0.1.0
              │   ├── integration v0.1.0 (*)
              │   ├── poc_demo v0.1.0 (*)
              │   ├── (dev) tze_hud_app v0.1.0 (*)
              │   ├── tze_hud_projection v0.1.0
              │   │   ├── integration v0.1.0 (*)
              │   │   ├── tze_hud_mcp v0.1.0
              │   │   │   └── tze_hud_runtime v0.1.0 (*)
              │   │   └── tze_hud_runtime v0.1.0 (*)
              │   ├── (dev) tze_hud_protocol v0.1.0 (*)
              │   ├── tze_hud_runtime v0.1.0 (*)
              │   ├── vertical_slice v0.1.0 (*)
              │   └── widget_publish_load_harness v0.1.0
              ├── (dev) tze_hud_resource v0.1.0 (*)
              ├── tze_hud_runtime v0.1.0 (*)
              └── tze_hud_widget v0.1.0
                  ├── (dev) tze_hud_compositor v0.1.0 (*)
                  └── tze_hud_runtime v0.1.0 (*)
    ├ hashbrown v0.15.5
      └── gpu-descriptor v0.3.2
          └── wgpu-hal v24.0.4
              ├── wgpu v24.0.5
              │   ├── glyphon v0.8.0
              │   │   └── tze_hud_compositor v0.1.0
              │   │       ├── integration v0.1.0
              │   │       ├── render_artifacts v0.1.0
              │   │       ├── tze_hud_runtime v0.1.0
              │   │       │   ├── benchmark v0.1.0
              │   │       │   ├── integration v0.1.0 (*)
              │   │       │   ├── (dev) poc_demo v0.1.0
              │   │       │   ├── render_artifacts v0.1.0 (*)
              │   │       │   ├── tze_hud_app v0.1.0
              │   │       │   └── vertical_slice v0.1.0
              │   │       └── (dev) vertical_slice v0.1.0 (*)
              │   ├── tze_hud_compositor v0.1.0 (*)
              │   └── tze_hud_runtime v0.1.0 (*)
              └── wgpu-core v24.0.5
                  └── wgpu v24.0.5 (*)
    ├ hashbrown v0.16.1
      └── indexmap v2.13.0
          ├── h2 v0.4.19
          │   ├── hyper v1.8.1
          │   │   ├── hyper-timeout v0.5.2
          │   │   │   └── tonic v0.13.1
          │   │   │       ├── integration v0.1.0
          │   │   │       ├── poc_demo v0.1.0
          │   │   │       ├── tze_hud_protocol v0.1.0
          │   │   │       │   ├── integration v0.1.0 (*)
          │   │   │       │   ├── poc_demo v0.1.0 (*)
          │   │   │       │   ├── (dev) tze_hud_app v0.1.0
          │   │   │       │   ├── tze_hud_projection v0.1.0
          │   │   │       │   │   ├── integration v0.1.0 (*)
          │   │   │       │   │   ├── tze_hud_mcp v0.1.0
          │   │   │       │   │   │   └── tze_hud_runtime v0.1.0
          │   │   │       │   │   │       ├── benchmark v0.1.0
          │   │   │       │   │   │       ├── integration v0.1.0 (*)
          │   │   │       │   │   │       ├── (dev) poc_demo v0.1.0 (*)
          │   │   │       │   │   │       ├── render_artifacts v0.1.0
          │   │   │       │   │   │       ├── tze_hud_app v0.1.0 (*)
          │   │   │       │   │   │       └── vertical_slice v0.1.0
          │   │   │       │   │   └── tze_hud_runtime v0.1.0 (*)
          │   │   │       │   ├── (dev) tze_hud_protocol v0.1.0 (*)
          │   │   │       │   ├── tze_hud_runtime v0.1.0 (*)
          │   │   │       │   ├── vertical_slice v0.1.0 (*)
          │   │   │       │   └── widget_publish_load_harness v0.1.0
          │   │   │       ├── tze_hud_runtime v0.1.0 (*)
          │   │   │       ├── vertical_slice v0.1.0 (*)
          │   │   │       └── widget_publish_load_harness v0.1.0 (*)
          │   │   ├── hyper-util v0.1.20
          │   │   │   ├── hyper-timeout v0.5.2 (*)
          │   │   │   └── tonic v0.13.1 (*)
          │   │   └── tonic v0.13.1 (*)
          │   ├── integration v0.1.0 (*)
          │   └── tonic v0.13.1 (*)
          ├── naga v24.0.0
          │   ├── wgpu-core v24.0.5
          │   │   └── wgpu v24.0.5
          │   │       ├── glyphon v0.8.0
          │   │       │   └── tze_hud_compositor v0.1.0
          │   │       │       ├── integration v0.1.0 (*)
          │   │       │       ├── render_artifacts v0.1.0 (*)
          │   │       │       ├── tze_hud_runtime v0.1.0 (*)
          │   │       │       └── (dev) vertical_slice v0.1.0 (*)
          │   │       ├── tze_hud_compositor v0.1.0 (*)
          │   │       └── tze_hud_runtime v0.1.0 (*)
          │   └── wgpu-hal v24.0.4
          │       ├── wgpu v24.0.5 (*)
          │       └── wgpu-core v24.0.5 (*)
          ├── petgraph v0.7.1
          │   └── prost-build v0.13.5
          │       └── tonic-build v0.13.1
          │           └── (build) tze_hud_protocol v0.1.0 (*)
          ├── toml_edit v0.22.27
          │   ├── toml v0.8.23
          │   │   ├── (dev) tze_hud_app v0.1.0 (*)
          │   │   ├── tze_hud_config v0.1.0
          │   │   │   ├── integration v0.1.0 (*)
          │   │   │   ├── (dev) poc_demo v0.1.0 (*)
          │   │   │   ├── tze_hud_app v0.1.0 (*)
          │   │   │   ├── tze_hud_projection v0.1.0 (*)
          │   │   │   ├── tze_hud_runtime v0.1.0 (*)
          │   │   │   └── vertical_slice v0.1.0 (*)
          │   │   ├── tze_hud_protocol v0.1.0 (*)
          │   │   ├── tze_hud_runtime v0.1.0 (*)
          │   │   ├── tze_hud_widget v0.1.0
          │   │   │   ├── (dev) tze_hud_compositor v0.1.0 (*)
          │   │   │   └── tze_hud_runtime v0.1.0 (*)
          │   │   └── widget_publish_load_harness v0.1.0 (*)
          │   └── tze_hud_config v0.1.0 (*)
          ├── toml_edit v0.25.8+spec-1.1.0
          │   └── proc-macro-crate v3.5.0
          │       └── num_enum_derive v0.7.6
          │           └── num_enum v0.7.6
          │               ├── android-activity v0.6.1
          │               │   └── winit v0.30.13
          │               │       ├── tze_hud_compositor v0.1.0 (*)
          │               │       └── tze_hud_runtime v0.1.0 (*)
          │               └── ndk v0.9.0
          │                   ├── android-activity v0.6.1 (*)
          │                   └── winit v0.30.13 (*)
          ├── tower v0.5.3
          │   ├── axum v0.8.8
          │   │   └── tonic v0.13.1 (*)
          │   └── tonic v0.13.1 (*)
          └── wgpu-core v24.0.5 (*)

warning[duplicate]: found 2 duplicate entries for crate 'jni-sys'
    ┌─ /home/orca/orca/projects/tze-hud/.worktrees/parallel-agents/hud-1wizi/Cargo.lock:145:1
    │  
145 │ ╭ jni-sys 0.3.1 registry+https://github.com/rust-lang/crates.io-index
146 │ │ jni-sys 0.4.1 registry+https://github.com/rust-lang/crates.io-index
    │ ╰───────────────────────────────────────────────────────────────────┘ lock entries
    │  
    ├ jni-sys v0.3.1
      ├── ndk v0.9.0
      │   ├── android-activity v0.6.1
      │   │   └── winit v0.30.13
      │   │       ├── tze_hud_compositor v0.1.0
      │   │       │   ├── integration v0.1.0
      │   │       │   ├── render_artifacts v0.1.0
      │   │       │   ├── tze_hud_runtime v0.1.0
      │   │       │   │   ├── benchmark v0.1.0
      │   │       │   │   ├── integration v0.1.0 (*)
      │   │       │   │   ├── (dev) poc_demo v0.1.0
      │   │       │   │   ├── render_artifacts v0.1.0 (*)
      │   │       │   │   ├── tze_hud_app v0.1.0
      │   │       │   │   └── vertical_slice v0.1.0
      │   │       │   └── (dev) vertical_slice v0.1.0 (*)
      │   │       └── tze_hud_runtime v0.1.0 (*)
      │   └── winit v0.30.13 (*)
      ├── ndk-sys v0.5.0+25.2.9519653
      │   └── wgpu-hal v24.0.4
      │       ├── wgpu v24.0.5
      │       │   ├── glyphon v0.8.0
      │       │   │   └── tze_hud_compositor v0.1.0 (*)
      │       │   ├── tze_hud_compositor v0.1.0 (*)
      │       │   └── tze_hud_runtime v0.1.0 (*)
      │       └── wgpu-core v24.0.5
      │           └── wgpu v24.0.5 (*)
      └── ndk-sys v0.6.0+11769913
          ├── android-activity v0.6.1 (*)
          └── ndk v0.9.0 (*)
    ├ jni-sys v0.4.1
      ├── jni v0.22.4
      │   └── android-activity v0.6.1
      │       └── winit v0.30.13
      │           ├── tze_hud_compositor v0.1.0
      │           │   ├── integration v0.1.0
      │           │   ├── render_artifacts v0.1.0
      │           │   ├── tze_hud_runtime v0.1.0
      │           │   │   ├── benchmark v0.1.0
      │           │   │   ├── integration v0.1.0 (*)
      │           │   │   ├── (dev) poc_demo v0.1.0
      │           │   │   ├── render_artifacts v0.1.0 (*)
      │           │   │   ├── tze_hud_app v0.1.0
      │           │   │   └── vertical_slice v0.1.0
      │           │   └── (dev) vertical_slice v0.1.0 (*)
      │           └── tze_hud_runtime v0.1.0 (*)
      └── jni-sys v0.3.1
          ├── ndk v0.9.0
          │   ├── android-activity v0.6.1 (*)
          │   └── winit v0.30.13 (*)
          ├── ndk-sys v0.5.0+25.2.9519653
          │   └── wgpu-hal v24.0.4
          │       ├── wgpu v24.0.5
          │       │   ├── glyphon v0.8.0
          │       │   │   └── tze_hud_compositor v0.1.0 (*)
          │       │   ├── tze_hud_compositor v0.1.0 (*)
          │       │   └── tze_hud_runtime v0.1.0 (*)
          │       └── wgpu-core v24.0.5
          │           └── wgpu v24.0.5 (*)
          └── ndk-sys v0.6.0+11769913
              ├── android-activity v0.6.1 (*)
              └── ndk v0.9.0 (*)

warning[duplicate]: found 2 duplicate entries for crate 'linux-raw-sys'
    ┌─ /home/orca/orca/projects/tze-hud/.worktrees/parallel-agents/hud-1wizi/Cargo.lock:158:1
    │  
158 │ ╭ linux-raw-sys 0.4.15 registry+https://github.com/rust-lang/crates.io-index
159 │ │ linux-raw-sys 0.12.1 registry+https://github.com/rust-lang/crates.io-index
    │ ╰──────────────────────────────────────────────────────────────────────────┘ lock entries
    │  
    ├ linux-raw-sys v0.4.15
      └── rustix v0.38.44
          ├── calloop v0.13.0
          │   ├── calloop-wayland-source v0.3.0
          │   │   └── smithay-client-toolkit v0.19.2
          │   │       ├── sctk-adwaita v0.10.1
          │   │       │   └── winit v0.30.13
          │   │       │       ├── tze_hud_compositor v0.1.0
          │   │       │       │   ├── integration v0.1.0
          │   │       │       │   ├── render_artifacts v0.1.0
          │   │       │       │   ├── tze_hud_runtime v0.1.0
          │   │       │       │   │   ├── benchmark v0.1.0
          │   │       │       │   │   ├── integration v0.1.0 (*)
          │   │       │       │   │   ├── (dev) poc_demo v0.1.0
          │   │       │       │   │   ├── render_artifacts v0.1.0 (*)
          │   │       │       │   │   ├── tze_hud_app v0.1.0
          │   │       │       │   │   └── vertical_slice v0.1.0
          │   │       │       │   └── (dev) vertical_slice v0.1.0 (*)
          │   │       │       └── tze_hud_runtime v0.1.0 (*)
          │   │       └── winit v0.30.13 (*)
          │   ├── smithay-client-toolkit v0.19.2 (*)
          │   └── winit v0.30.13 (*)
          ├── calloop-wayland-source v0.3.0 (*)
          ├── smithay-client-toolkit v0.19.2 (*)
          └── winit v0.30.13 (*)
    ├ linux-raw-sys v0.12.1
      └── rustix v1.1.4
          ├── gethostname v1.1.0
          │   └── x11rb v0.13.2
          │       └── winit v0.30.13
          │           ├── tze_hud_compositor v0.1.0
          │           │   ├── integration v0.1.0
          │           │   ├── render_artifacts v0.1.0
          │           │   ├── tze_hud_runtime v0.1.0
          │           │   │   ├── benchmark v0.1.0
          │           │   │   ├── integration v0.1.0 (*)
          │           │   │   ├── (dev) poc_demo v0.1.0
          │           │   │   ├── render_artifacts v0.1.0 (*)
          │           │   │   ├── tze_hud_app v0.1.0
          │           │   │   └── vertical_slice v0.1.0
          │           │   └── (dev) vertical_slice v0.1.0 (*)
          │           └── tze_hud_runtime v0.1.0 (*)
          ├── polling v3.11.0
          │   └── calloop v0.13.0
          │       ├── calloop-wayland-source v0.3.0
          │       │   └── smithay-client-toolkit v0.19.2
          │       │       ├── sctk-adwaita v0.10.1
          │       │       │   └── winit v0.30.13 (*)
          │       │       └── winit v0.30.13 (*)
          │       ├── smithay-client-toolkit v0.19.2 (*)
          │       └── winit v0.30.13 (*)
          ├── tempfile v3.27.0
          │   ├── proptest v1.11.0
          │   │   ├── (dev) tze_hud_compositor v0.1.0 (*)
          │   │   ├── (dev) tze_hud_config v0.1.0
          │   │   │   ├── integration v0.1.0 (*)
          │   │   │   ├── (dev) poc_demo v0.1.0 (*)
          │   │   │   ├── tze_hud_app v0.1.0 (*)
          │   │   │   ├── tze_hud_projection v0.1.0
          │   │   │   │   ├── integration v0.1.0 (*)
          │   │   │   │   ├── tze_hud_mcp v0.1.0
          │   │   │   │   │   └── tze_hud_runtime v0.1.0 (*)
          │   │   │   │   └── tze_hud_runtime v0.1.0 (*)
          │   │   │   ├── tze_hud_runtime v0.1.0 (*)
          │   │   │   └── vertical_slice v0.1.0 (*)
          │   │   ├── (dev) tze_hud_input v0.1.0
          │   │   │   ├── benchmark v0.1.0 (*)
          │   │   │   ├── integration v0.1.0 (*)
          │   │   │   ├── tze_hud_compositor v0.1.0 (*)
          │   │   │   ├── (dev) tze_hud_projection v0.1.0 (*)
          │   │   │   ├── tze_hud_runtime v0.1.0 (*)
          │   │   │   └── (dev) vertical_slice v0.1.0 (*)
          │   │   ├── (dev) tze_hud_projection v0.1.0 (*)
          │   │   ├── (dev) tze_hud_protocol v0.1.0
          │   │   │   ├── integration v0.1.0 (*)
          │   │   │   ├── poc_demo v0.1.0 (*)
          │   │   │   ├── (dev) tze_hud_app v0.1.0 (*)
          │   │   │   ├── tze_hud_projection v0.1.0 (*)
          │   │   │   ├── (dev) tze_hud_protocol v0.1.0 (*)
          │   │   │   ├── tze_hud_runtime v0.1.0 (*)
          │   │   │   ├── vertical_slice v0.1.0 (*)
          │   │   │   └── widget_publish_load_harness v0.1.0
          │   │   ├── (dev) tze_hud_resource v0.1.0
          │   │   │   ├── integration v0.1.0 (*)
          │   │   │   ├── tze_hud_compositor v0.1.0 (*)
          │   │   │   ├── tze_hud_protocol v0.1.0 (*)
          │   │   │   ├── (dev) tze_hud_resource v0.1.0 (*)
          │   │   │   ├── tze_hud_runtime v0.1.0 (*)
          │   │   │   └── tze_hud_widget v0.1.0
          │   │   │       ├── (dev) tze_hud_compositor v0.1.0 (*)
          │   │   │       └── tze_hud_runtime v0.1.0 (*)
          │   │   └── (dev) tze_hud_scene v0.1.0
          │   │       ├── benchmark v0.1.0 (*)
          │   │       ├── integration v0.1.0 (*)
          │   │       ├── (dev) poc_demo v0.1.0 (*)
          │   │       ├── render_artifacts v0.1.0 (*)
          │   │       ├── tze_hud_app v0.1.0 (*)
          │   │       ├── tze_hud_compositor v0.1.0 (*)
          │   │       ├── tze_hud_config v0.1.0 (*)
          │   │       ├── tze_hud_input v0.1.0 (*)
          │   │       ├── tze_hud_mcp v0.1.0 (*)
          │   │       ├── (dev) tze_hud_projection v0.1.0 (*)
          │   │       ├── tze_hud_protocol v0.1.0 (*)
          │   │       ├── tze_hud_runtime v0.1.0 (*)
          │   │       ├── (dev) tze_hud_scene v0.1.0 (*)
          │   │       ├── tze_hud_widget v0.1.0 (*)
          │   │       └── (dev) vertical_slice v0.1.0 (*)
          │   ├── prost-build v0.13.5
          │   │   └── tonic-build v0.13.1
          │   │       └── (build) tze_hud_protocol v0.1.0 (*)
          │   ├── rusty-fork v0.3.1
          │   │   └── proptest v1.11.0 (*)
          │   ├── (dev) tze_hud_config v0.1.0 (*)
          │   ├── (dev) tze_hud_protocol v0.1.0 (*)
          │   ├── (dev) tze_hud_resource v0.1.0 (*)
          │   ├── (dev) tze_hud_runtime v0.1.0 (*)
          │   └── (dev) tze_hud_widget v0.1.0 (*)
          ├── wayland-backend v0.3.14
          │   ├── calloop-wayland-source v0.3.0 (*)
          │   ├── smithay-client-toolkit v0.19.2 (*)
          │   ├── wayland-client v0.31.13
          │   │   ├── calloop-wayland-source v0.3.0 (*)
          │   │   ├── smithay-client-toolkit v0.19.2 (*)
          │   │   ├── wayland-cursor v0.31.13
          │   │   │   └── smithay-client-toolkit v0.19.2 (*)
          │   │   ├── wayland-protocols v0.32.11
          │   │   │   ├── smithay-client-toolkit v0.19.2 (*)
          │   │   │   ├── wayland-protocols-plasma v0.3.11
          │   │   │   │   └── winit v0.30.13 (*)
          │   │   │   ├── wayland-protocols-wlr v0.3.11
          │   │   │   │   └── smithay-client-toolkit v0.19.2 (*)
          │   │   │   └── winit v0.30.13 (*)
          │   │   ├── wayland-protocols-plasma v0.3.11 (*)
          │   │   ├── wayland-protocols-wlr v0.3.11 (*)
          │   │   └── winit v0.30.13 (*)
          │   ├── wayland-csd-frame v0.3.0
          │   │   └── smithay-client-toolkit v0.19.2 (*)
          │   ├── wayland-protocols v0.32.11 (*)
          │   ├── wayland-protocols-plasma v0.3.11 (*)
          │   ├── wayland-protocols-wlr v0.3.11 (*)
          │   └── winit v0.30.13 (*)
          ├── wayland-client v0.31.13 (*)
          ├── wayland-cursor v0.31.13 (*)
          └── x11rb v0.13.2 (*)

warning[duplicate]: found 2 duplicate entries for crate 'ndk-sys'
    ┌─ /home/orca/orca/projects/tze-hud/.worktrees/parallel-agents/hud-1wizi/Cargo.lock:179:1
    │  
179 │ ╭ ndk-sys 0.5.0+25.2.9519653 registry+https://github.com/rust-lang/crates.io-index
180 │ │ ndk-sys 0.6.0+11769913 registry+https://github.com/rust-lang/crates.io-index
    │ ╰────────────────────────────────────────────────────────────────────────────┘ lock entries
    │  
    ├ ndk-sys v0.5.0+25.2.9519653
      └── wgpu-hal v24.0.4
          ├── wgpu v24.0.5
          │   ├── glyphon v0.8.0
          │   │   └── tze_hud_compositor v0.1.0
          │   │       ├── integration v0.1.0
          │   │       ├── render_artifacts v0.1.0
          │   │       ├── tze_hud_runtime v0.1.0
          │   │       │   ├── benchmark v0.1.0
          │   │       │   ├── integration v0.1.0 (*)
          │   │       │   ├── (dev) poc_demo v0.1.0
          │   │       │   ├── render_artifacts v0.1.0 (*)
          │   │       │   ├── tze_hud_app v0.1.0
          │   │       │   └── vertical_slice v0.1.0
          │   │       └── (dev) vertical_slice v0.1.0 (*)
          │   ├── tze_hud_compositor v0.1.0 (*)
          │   └── tze_hud_runtime v0.1.0 (*)
          └── wgpu-core v24.0.5
              └── wgpu v24.0.5 (*)
    ├ ndk-sys v0.6.0+11769913
      ├── android-activity v0.6.1
      │   └── winit v0.30.13
      │       ├── tze_hud_compositor v0.1.0
      │       │   ├── integration v0.1.0
      │       │   ├── render_artifacts v0.1.0
      │       │   ├── tze_hud_runtime v0.1.0
      │       │   │   ├── benchmark v0.1.0
      │       │   │   ├── integration v0.1.0 (*)
      │       │   │   ├── (dev) poc_demo v0.1.0
      │       │   │   ├── render_artifacts v0.1.0 (*)
      │       │   │   ├── tze_hud_app v0.1.0
      │       │   │   └── vertical_slice v0.1.0
      │       │   └── (dev) vertical_slice v0.1.0 (*)
      │       └── tze_hud_runtime v0.1.0 (*)
      └── ndk v0.9.0
          ├── android-activity v0.6.1 (*)
          └── winit v0.30.13 (*)

warning[duplicate]: found 2 duplicate entries for crate 'quick-xml'
    ┌─ /home/orca/orca/projects/tze-hud/.worktrees/parallel-agents/hud-1wizi/Cargo.lock:228:1
    │  
228 │ ╭ quick-xml 0.39.2 registry+https://github.com/rust-lang/crates.io-index
229 │ │ quick-xml 0.41.0 registry+https://github.com/rust-lang/crates.io-index
    │ ╰──────────────────────────────────────────────────────────────────────┘ lock entries
    │  
    ├ quick-xml v0.39.2
      └── wayland-scanner v0.31.9
          ├── smithay-client-toolkit v0.19.2
          │   ├── sctk-adwaita v0.10.1
          │   │   └── winit v0.30.13
          │   │       ├── tze_hud_compositor v0.1.0
          │   │       │   ├── integration v0.1.0
          │   │       │   ├── render_artifacts v0.1.0
          │   │       │   ├── tze_hud_runtime v0.1.0
          │   │       │   │   ├── benchmark v0.1.0
          │   │       │   │   ├── integration v0.1.0 (*)
          │   │       │   │   ├── (dev) poc_demo v0.1.0
          │   │       │   │   ├── render_artifacts v0.1.0 (*)
          │   │       │   │   ├── tze_hud_app v0.1.0
          │   │       │   │   └── vertical_slice v0.1.0
          │   │       │   └── (dev) vertical_slice v0.1.0 (*)
          │   │       └── tze_hud_runtime v0.1.0 (*)
          │   └── winit v0.30.13 (*)
          ├── wayland-client v0.31.13
          │   ├── calloop-wayland-source v0.3.0
          │   │   └── smithay-client-toolkit v0.19.2 (*)
          │   ├── smithay-client-toolkit v0.19.2 (*)
          │   ├── wayland-cursor v0.31.13
          │   │   └── smithay-client-toolkit v0.19.2 (*)
          │   ├── wayland-protocols v0.32.11
          │   │   ├── smithay-client-toolkit v0.19.2 (*)
          │   │   ├── wayland-protocols-plasma v0.3.11
          │   │   │   └── winit v0.30.13 (*)
          │   │   ├── wayland-protocols-wlr v0.3.11
          │   │   │   └── smithay-client-toolkit v0.19.2 (*)
          │   │   └── winit v0.30.13 (*)
          │   ├── wayland-protocols-plasma v0.3.11 (*)
          │   ├── wayland-protocols-wlr v0.3.11 (*)
          │   └── winit v0.30.13 (*)
          ├── wayland-protocols v0.32.11 (*)
          ├── wayland-protocols-plasma v0.3.11 (*)
          └── wayland-protocols-wlr v0.3.11 (*)
    ├ quick-xml v0.41.0
      ├── tze_hud_resource v0.1.0
      │   ├── integration v0.1.0
      │   ├── tze_hud_compositor v0.1.0
      │   │   ├── integration v0.1.0 (*)
      │   │   ├── render_artifacts v0.1.0
      │   │   ├── tze_hud_runtime v0.1.0
      │   │   │   ├── benchmark v0.1.0
      │   │   │   ├── integration v0.1.0 (*)
      │   │   │   ├── (dev) poc_demo v0.1.0
      │   │   │   ├── render_artifacts v0.1.0 (*)
      │   │   │   ├── tze_hud_app v0.1.0
      │   │   │   └── vertical_slice v0.1.0
      │   │   └── (dev) vertical_slice v0.1.0 (*)
      │   ├── tze_hud_protocol v0.1.0
      │   │   ├── integration v0.1.0 (*)
      │   │   ├── poc_demo v0.1.0 (*)
      │   │   ├── (dev) tze_hud_app v0.1.0 (*)
      │   │   ├── tze_hud_projection v0.1.0
      │   │   │   ├── integration v0.1.0 (*)
      │   │   │   ├── tze_hud_mcp v0.1.0
      │   │   │   │   └── tze_hud_runtime v0.1.0 (*)
      │   │   │   └── tze_hud_runtime v0.1.0 (*)
      │   │   ├── (dev) tze_hud_protocol v0.1.0 (*)
      │   │   ├── tze_hud_runtime v0.1.0 (*)
      │   │   ├── vertical_slice v0.1.0 (*)
      │   │   └── widget_publish_load_harness v0.1.0
      │   ├── (dev) tze_hud_resource v0.1.0 (*)
      │   ├── tze_hud_runtime v0.1.0 (*)
      │   └── tze_hud_widget v0.1.0
      │       ├── (dev) tze_hud_compositor v0.1.0 (*)
      │       └── tze_hud_runtime v0.1.0 (*)
      └── tze_hud_widget v0.1.0 (*)

warning[duplicate]: found 2 duplicate entries for crate 'r-efi'
    ┌─ /home/orca/orca/projects/tze-hud/.worktrees/parallel-agents/hud-1wizi/Cargo.lock:231:1
    │  
231 │ ╭ r-efi 5.3.0 registry+https://github.com/rust-lang/crates.io-index
232 │ │ r-efi 6.0.0 registry+https://github.com/rust-lang/crates.io-index
    │ ╰─────────────────────────────────────────────────────────────────┘ lock entries
    │  
    ├ r-efi v5.3.0
      └── getrandom v0.3.4
          ├── ahash v0.8.12
          │   └── winit v0.30.13
          │       ├── tze_hud_compositor v0.1.0
          │       │   ├── integration v0.1.0
          │       │   ├── render_artifacts v0.1.0
          │       │   ├── tze_hud_runtime v0.1.0
          │       │   │   ├── benchmark v0.1.0
          │       │   │   ├── integration v0.1.0 (*)
          │       │   │   ├── (dev) poc_demo v0.1.0
          │       │   │   ├── render_artifacts v0.1.0 (*)
          │       │   │   ├── tze_hud_app v0.1.0
          │       │   │   └── vertical_slice v0.1.0
          │       │   └── (dev) vertical_slice v0.1.0 (*)
          │       └── tze_hud_runtime v0.1.0 (*)
          ├── jobserver v0.1.34
          │   └── cc v1.2.57
          │       ├── (build) android-activity v0.6.1
          │       │   └── winit v0.30.13 (*)
          │       ├── (build) blake3 v1.8.3
          │       │   ├── benchmark v0.1.0 (*)
          │       │   ├── integration v0.1.0 (*)
          │       │   ├── tze_hud_compositor v0.1.0 (*)
          │       │   ├── tze_hud_projection v0.1.0
          │       │   │   ├── integration v0.1.0 (*)
          │       │   │   ├── tze_hud_mcp v0.1.0
          │       │   │   │   └── tze_hud_runtime v0.1.0 (*)
          │       │   │   └── tze_hud_runtime v0.1.0 (*)
          │       │   ├── tze_hud_protocol v0.1.0
          │       │   │   ├── integration v0.1.0 (*)
          │       │   │   ├── poc_demo v0.1.0 (*)
          │       │   │   ├── (dev) tze_hud_app v0.1.0 (*)
          │       │   │   ├── tze_hud_projection v0.1.0 (*)
          │       │   │   ├── (dev) tze_hud_protocol v0.1.0 (*)
          │       │   │   ├── tze_hud_runtime v0.1.0 (*)
          │       │   │   ├── vertical_slice v0.1.0 (*)
          │       │   │   └── widget_publish_load_harness v0.1.0
          │       │   ├── tze_hud_resource v0.1.0
          │       │   │   ├── integration v0.1.0 (*)
          │       │   │   ├── tze_hud_compositor v0.1.0 (*)
          │       │   │   ├── tze_hud_protocol v0.1.0 (*)
          │       │   │   ├── (dev) tze_hud_resource v0.1.0 (*)
          │       │   │   ├── tze_hud_runtime v0.1.0 (*)
          │       │   │   └── tze_hud_widget v0.1.0
          │       │   │       ├── (dev) tze_hud_compositor v0.1.0 (*)
          │       │   │       └── tze_hud_runtime v0.1.0 (*)
          │       │   └── tze_hud_scene v0.1.0
          │       │       ├── benchmark v0.1.0 (*)
          │       │       ├── integration v0.1.0 (*)
          │       │       ├── (dev) poc_demo v0.1.0 (*)
          │       │       ├── render_artifacts v0.1.0 (*)
          │       │       ├── tze_hud_app v0.1.0 (*)
          │       │       ├── tze_hud_compositor v0.1.0 (*)
          │       │       ├── tze_hud_config v0.1.0
          │       │       │   ├── integration v0.1.0 (*)
          │       │       │   ├── (dev) poc_demo v0.1.0 (*)
          │       │       │   ├── tze_hud_app v0.1.0 (*)
          │       │       │   ├── tze_hud_projection v0.1.0 (*)
          │       │       │   ├── tze_hud_runtime v0.1.0 (*)
          │       │       │   └── vertical_slice v0.1.0 (*)
          │       │       ├── tze_hud_input v0.1.0
          │       │       │   ├── benchmark v0.1.0 (*)
          │       │       │   ├── integration v0.1.0 (*)
          │       │       │   ├── tze_hud_compositor v0.1.0 (*)
          │       │       │   ├── (dev) tze_hud_projection v0.1.0 (*)
          │       │       │   ├── tze_hud_runtime v0.1.0 (*)
          │       │       │   └── (dev) vertical_slice v0.1.0 (*)
          │       │       ├── tze_hud_mcp v0.1.0 (*)
          │       │       ├── (dev) tze_hud_projection v0.1.0 (*)
          │       │       ├── tze_hud_protocol v0.1.0 (*)
          │       │       ├── tze_hud_runtime v0.1.0 (*)
          │       │       ├── (dev) tze_hud_scene v0.1.0 (*)
          │       │       ├── tze_hud_widget v0.1.0 (*)
          │       │       └── (dev) vertical_slice v0.1.0 (*)
          │       ├── embed-resource v3.0.8
          │       │   └── (build) tze_hud_app v0.1.0 (*)
          │       ├── (build) vswhom-sys v0.1.3
          │       │   └── vswhom v0.1.0
          │       │       └── embed-resource v3.0.8 (*)
          │       └── (build) wayland-backend v0.3.14
          │           ├── calloop-wayland-source v0.3.0
          │           │   └── smithay-client-toolkit v0.19.2
          │           │       ├── sctk-adwaita v0.10.1
          │           │       │   └── winit v0.30.13 (*)
          │           │       └── winit v0.30.13 (*)
          │           ├── smithay-client-toolkit v0.19.2 (*)
          │           ├── wayland-client v0.31.13
          │           │   ├── calloop-wayland-source v0.3.0 (*)
          │           │   ├── smithay-client-toolkit v0.19.2 (*)
          │           │   ├── wayland-cursor v0.31.13
          │           │   │   └── smithay-client-toolkit v0.19.2 (*)
          │           │   ├── wayland-protocols v0.32.11
          │           │   │   ├── smithay-client-toolkit v0.19.2 (*)
          │           │   │   ├── wayland-protocols-plasma v0.3.11
          │           │   │   │   └── winit v0.30.13 (*)
          │           │   │   ├── wayland-protocols-wlr v0.3.11
          │           │   │   │   └── smithay-client-toolkit v0.19.2 (*)
          │           │   │   └── winit v0.30.13 (*)
          │           │   ├── wayland-protocols-plasma v0.3.11 (*)
          │           │   ├── wayland-protocols-wlr v0.3.11 (*)
          │           │   └── winit v0.30.13 (*)
          │           ├── wayland-csd-frame v0.3.0
          │           │   └── smithay-client-toolkit v0.19.2 (*)
          │           ├── wayland-protocols v0.32.11 (*)
          │           ├── wayland-protocols-plasma v0.3.11 (*)
          │           ├── wayland-protocols-wlr v0.3.11 (*)
          │           └── winit v0.30.13 (*)
          ├── rand_core v0.9.5
          │   ├── rand v0.9.2
          │   │   └── proptest v1.11.0
          │   │       ├── (dev) tze_hud_compositor v0.1.0 (*)
          │   │       ├── (dev) tze_hud_config v0.1.0 (*)
          │   │       ├── (dev) tze_hud_input v0.1.0 (*)
          │   │       ├── (dev) tze_hud_projection v0.1.0 (*)
          │   │       ├── (dev) tze_hud_protocol v0.1.0 (*)
          │   │       ├── (dev) tze_hud_resource v0.1.0 (*)
          │   │       └── (dev) tze_hud_scene v0.1.0 (*)
          │   ├── rand_chacha v0.9.0
          │   │   └── proptest v1.11.0 (*)
          │   └── rand_xorshift v0.4.0
          │       └── proptest v1.11.0 (*)
          ├── tze_hud_projection v0.1.0 (*)
          └── tze_hud_runtime v0.1.0 (*)
    ├ r-efi v6.0.0
      └── getrandom v0.4.2
          ├── tempfile v3.27.0
          │   ├── proptest v1.11.0
          │   │   ├── (dev) tze_hud_compositor v0.1.0
          │   │   │   ├── integration v0.1.0
          │   │   │   ├── render_artifacts v0.1.0
          │   │   │   ├── tze_hud_runtime v0.1.0
          │   │   │   │   ├── benchmark v0.1.0
          │   │   │   │   ├── integration v0.1.0 (*)
          │   │   │   │   ├── (dev) poc_demo v0.1.0
          │   │   │   │   ├── render_artifacts v0.1.0 (*)
          │   │   │   │   ├── tze_hud_app v0.1.0
          │   │   │   │   └── vertical_slice v0.1.0
          │   │   │   └── (dev) vertical_slice v0.1.0 (*)
          │   │   ├── (dev) tze_hud_config v0.1.0
          │   │   │   ├── integration v0.1.0 (*)
          │   │   │   ├── (dev) poc_demo v0.1.0 (*)
          │   │   │   ├── tze_hud_app v0.1.0 (*)
          │   │   │   ├── tze_hud_projection v0.1.0
          │   │   │   │   ├── integration v0.1.0 (*)
          │   │   │   │   ├── tze_hud_mcp v0.1.0
          │   │   │   │   │   └── tze_hud_runtime v0.1.0 (*)
          │   │   │   │   └── tze_hud_runtime v0.1.0 (*)
          │   │   │   ├── tze_hud_runtime v0.1.0 (*)
          │   │   │   └── vertical_slice v0.1.0 (*)
          │   │   ├── (dev) tze_hud_input v0.1.0
          │   │   │   ├── benchmark v0.1.0 (*)
          │   │   │   ├── integration v0.1.0 (*)
          │   │   │   ├── tze_hud_compositor v0.1.0 (*)
          │   │   │   ├── (dev) tze_hud_projection v0.1.0 (*)
          │   │   │   ├── tze_hud_runtime v0.1.0 (*)
          │   │   │   └── (dev) vertical_slice v0.1.0 (*)
          │   │   ├── (dev) tze_hud_projection v0.1.0 (*)
          │   │   ├── (dev) tze_hud_protocol v0.1.0
          │   │   │   ├── integration v0.1.0 (*)
          │   │   │   ├── poc_demo v0.1.0 (*)
          │   │   │   ├── (dev) tze_hud_app v0.1.0 (*)
          │   │   │   ├── tze_hud_projection v0.1.0 (*)
          │   │   │   ├── (dev) tze_hud_protocol v0.1.0 (*)
          │   │   │   ├── tze_hud_runtime v0.1.0 (*)
          │   │   │   ├── vertical_slice v0.1.0 (*)
          │   │   │   └── widget_publish_load_harness v0.1.0
          │   │   ├── (dev) tze_hud_resource v0.1.0
          │   │   │   ├── integration v0.1.0 (*)
          │   │   │   ├── tze_hud_compositor v0.1.0 (*)
          │   │   │   ├── tze_hud_protocol v0.1.0 (*)
          │   │   │   ├── (dev) tze_hud_resource v0.1.0 (*)
          │   │   │   ├── tze_hud_runtime v0.1.0 (*)
          │   │   │   └── tze_hud_widget v0.1.0
          │   │   │       ├── (dev) tze_hud_compositor v0.1.0 (*)
          │   │   │       └── tze_hud_runtime v0.1.0 (*)
          │   │   └── (dev) tze_hud_scene v0.1.0
          │   │       ├── benchmark v0.1.0 (*)
          │   │       ├── integration v0.1.0 (*)
          │   │       ├── (dev) poc_demo v0.1.0 (*)
          │   │       ├── render_artifacts v0.1.0 (*)
          │   │       ├── tze_hud_app v0.1.0 (*)
          │   │       ├── tze_hud_compositor v0.1.0 (*)
          │   │       ├── tze_hud_config v0.1.0 (*)
          │   │       ├── tze_hud_input v0.1.0 (*)
          │   │       ├── tze_hud_mcp v0.1.0 (*)
          │   │       ├── (dev) tze_hud_projection v0.1.0 (*)
          │   │       ├── tze_hud_protocol v0.1.0 (*)
          │   │       ├── tze_hud_runtime v0.1.0 (*)
          │   │       ├── (dev) tze_hud_scene v0.1.0 (*)
          │   │       ├── tze_hud_widget v0.1.0 (*)
          │   │       └── (dev) vertical_slice v0.1.0 (*)
          │   ├── prost-build v0.13.5
          │   │   └── tonic-build v0.13.1
          │   │       └── (build) tze_hud_protocol v0.1.0 (*)
          │   ├── rusty-fork v0.3.1
          │   │   └── proptest v1.11.0 (*)
          │   ├── (dev) tze_hud_config v0.1.0 (*)
          │   ├── (dev) tze_hud_protocol v0.1.0 (*)
          │   ├── (dev) tze_hud_resource v0.1.0 (*)
          │   ├── (dev) tze_hud_runtime v0.1.0 (*)
          │   └── (dev) tze_hud_widget v0.1.0 (*)
          └── uuid v1.22.0
              ├── integration v0.1.0 (*)
              ├── poc_demo v0.1.0 (*)
              ├── tze_hud_projection v0.1.0 (*)
              ├── tze_hud_protocol v0.1.0 (*)
              ├── tze_hud_runtime v0.1.0 (*)
              └── tze_hud_scene v0.1.0 (*)

warning[duplicate]: found 3 duplicate entries for crate 'redox_syscall'
    ┌─ /home/orca/orca/projects/tze-hud/.worktrees/parallel-agents/hud-1wizi/Cargo.lock:243:1
    │  
243 │ ╭ redox_syscall 0.4.1 registry+https://github.com/rust-lang/crates.io-index
244 │ │ redox_syscall 0.5.18 registry+https://github.com/rust-lang/crates.io-index
245 │ │ redox_syscall 0.7.3 registry+https://github.com/rust-lang/crates.io-index
    │ ╰─────────────────────────────────────────────────────────────────────────┘ lock entries
    │  
    ├ redox_syscall v0.4.1
      └── winit v0.30.13
          ├── tze_hud_compositor v0.1.0
          │   ├── integration v0.1.0
          │   ├── render_artifacts v0.1.0
          │   ├── tze_hud_runtime v0.1.0
          │   │   ├── benchmark v0.1.0
          │   │   ├── integration v0.1.0 (*)
          │   │   ├── (dev) poc_demo v0.1.0
          │   │   ├── render_artifacts v0.1.0 (*)
          │   │   ├── tze_hud_app v0.1.0
          │   │   └── vertical_slice v0.1.0
          │   └── (dev) vertical_slice v0.1.0 (*)
          └── tze_hud_runtime v0.1.0 (*)
    ├ redox_syscall v0.5.18
      └── parking_lot_core v0.9.12
          ├── dashmap v6.1.0
          │   └── tze_hud_resource v0.1.0
          │       ├── integration v0.1.0
          │       ├── tze_hud_compositor v0.1.0
          │       │   ├── integration v0.1.0 (*)
          │       │   ├── render_artifacts v0.1.0
          │       │   ├── tze_hud_runtime v0.1.0
          │       │   │   ├── benchmark v0.1.0
          │       │   │   ├── integration v0.1.0 (*)
          │       │   │   ├── (dev) poc_demo v0.1.0
          │       │   │   ├── render_artifacts v0.1.0 (*)
          │       │   │   ├── tze_hud_app v0.1.0
          │       │   │   └── vertical_slice v0.1.0
          │       │   └── (dev) vertical_slice v0.1.0 (*)
          │       ├── tze_hud_protocol v0.1.0
          │       │   ├── integration v0.1.0 (*)
          │       │   ├── poc_demo v0.1.0 (*)
          │       │   ├── (dev) tze_hud_app v0.1.0 (*)
          │       │   ├── tze_hud_projection v0.1.0
          │       │   │   ├── integration v0.1.0 (*)
          │       │   │   ├── tze_hud_mcp v0.1.0
          │       │   │   │   └── tze_hud_runtime v0.1.0 (*)
          │       │   │   └── tze_hud_runtime v0.1.0 (*)
          │       │   ├── (dev) tze_hud_protocol v0.1.0 (*)
          │       │   ├── tze_hud_runtime v0.1.0 (*)
          │       │   ├── vertical_slice v0.1.0 (*)
          │       │   └── widget_publish_load_harness v0.1.0
          │       ├── (dev) tze_hud_resource v0.1.0 (*)
          │       ├── tze_hud_runtime v0.1.0 (*)
          │       └── tze_hud_widget v0.1.0
          │           ├── (dev) tze_hud_compositor v0.1.0 (*)
          │           └── tze_hud_runtime v0.1.0 (*)
          └── parking_lot v0.12.5
              ├── tokio v1.50.0
              │   ├── benchmark v0.1.0 (*)
              │   ├── h2 v0.4.19
              │   │   ├── hyper v1.8.1
              │   │   │   ├── hyper-timeout v0.5.2
              │   │   │   │   └── tonic v0.13.1
              │   │   │   │       ├── integration v0.1.0 (*)
              │   │   │   │       ├── poc_demo v0.1.0 (*)
              │   │   │   │       ├── tze_hud_protocol v0.1.0 (*)
              │   │   │   │       ├── tze_hud_runtime v0.1.0 (*)
              │   │   │   │       ├── vertical_slice v0.1.0 (*)
              │   │   │   │       └── widget_publish_load_harness v0.1.0 (*)
              │   │   │   ├── hyper-util v0.1.20
              │   │   │   │   ├── hyper-timeout v0.5.2 (*)
              │   │   │   │   └── tonic v0.13.1 (*)
              │   │   │   └── tonic v0.13.1 (*)
              │   │   ├── integration v0.1.0 (*)
              │   │   └── tonic v0.13.1 (*)
              │   ├── hyper v1.8.1 (*)
              │   ├── hyper-timeout v0.5.2 (*)
              │   ├── hyper-util v0.1.20 (*)
              │   ├── integration v0.1.0 (*)
              │   ├── poc_demo v0.1.0 (*)
              │   ├── render_artifacts v0.1.0 (*)
              │   ├── tokio-stream v0.1.18
              │   │   ├── integration v0.1.0 (*)
              │   │   ├── poc_demo v0.1.0 (*)
              │   │   ├── tonic v0.13.1 (*)
              │   │   ├── (dev) tze_hud_app v0.1.0 (*)
              │   │   ├── tze_hud_protocol v0.1.0 (*)
              │   │   ├── tze_hud_runtime v0.1.0 (*)
              │   │   ├── vertical_slice v0.1.0 (*)
              │   │   └── widget_publish_load_harness v0.1.0 (*)
              │   ├── tokio-util v0.7.18
              │   │   ├── h2 v0.4.19 (*)
              │   │   ├── tokio-stream v0.1.18 (*)
              │   │   └── tower v0.5.3
              │   │       ├── axum v0.8.8
              │   │       │   └── tonic v0.13.1 (*)
              │   │       └── tonic v0.13.1 (*)
              │   ├── tonic v0.13.1 (*)
              │   ├── tower v0.5.3 (*)
              │   ├── tze_hud_app v0.1.0 (*)
              │   ├── (dev) tze_hud_compositor v0.1.0 (*)
              │   ├── (dev) tze_hud_mcp v0.1.0 (*)
              │   ├── tze_hud_protocol v0.1.0 (*)
              │   ├── tze_hud_resource v0.1.0 (*)
              │   ├── (dev) tze_hud_runtime v0.1.0 (*)
              │   ├── vertical_slice v0.1.0 (*)
              │   └── widget_publish_load_harness v0.1.0 (*)
              ├── wgpu v24.0.5
              │   ├── glyphon v0.8.0
              │   │   └── tze_hud_compositor v0.1.0 (*)
              │   ├── tze_hud_compositor v0.1.0 (*)
              │   └── tze_hud_runtime v0.1.0 (*)
              ├── wgpu-core v24.0.5
              │   └── wgpu v24.0.5 (*)
              └── wgpu-hal v24.0.4
                  ├── wgpu v24.0.5 (*)
                  └── wgpu-core v24.0.5 (*)
    ├ redox_syscall v0.7.3
      └── libredox v0.1.15
          └── orbclient v0.3.51
              └── winit v0.30.13
                  ├── tze_hud_compositor v0.1.0
                  │   ├── integration v0.1.0
                  │   ├── render_artifacts v0.1.0
                  │   ├── tze_hud_runtime v0.1.0
                  │   │   ├── benchmark v0.1.0
                  │   │   ├── integration v0.1.0 (*)
                  │   │   ├── (dev) poc_demo v0.1.0
                  │   │   ├── render_artifacts v0.1.0 (*)
                  │   │   ├── tze_hud_app v0.1.0
                  │   │   └── vertical_slice v0.1.0
                  │   └── (dev) vertical_slice v0.1.0 (*)
                  └── tze_hud_runtime v0.1.0 (*)

warning[duplicate]: found 2 duplicate entries for crate 'roxmltree'
    ┌─ /home/orca/orca/projects/tze-hud/.worktrees/parallel-agents/hud-1wizi/Cargo.lock:253:1
    │  
253 │ ╭ roxmltree 0.20.0 registry+https://github.com/rust-lang/crates.io-index
254 │ │ roxmltree 0.21.1 registry+https://github.com/rust-lang/crates.io-index
    │ ╰──────────────────────────────────────────────────────────────────────┘ lock entries
    │  
    ├ roxmltree v0.20.0
      └── fontconfig-parser v0.5.8
          ├── fontdb v0.16.2
          │   └── cosmic-text v0.12.1
          │       └── glyphon v0.8.0
          │           └── tze_hud_compositor v0.1.0
          │               ├── integration v0.1.0
          │               ├── render_artifacts v0.1.0
          │               ├── tze_hud_runtime v0.1.0
          │               │   ├── benchmark v0.1.0
          │               │   ├── integration v0.1.0 (*)
          │               │   ├── (dev) poc_demo v0.1.0
          │               │   ├── render_artifacts v0.1.0 (*)
          │               │   ├── tze_hud_app v0.1.0
          │               │   └── vertical_slice v0.1.0
          │               └── (dev) vertical_slice v0.1.0 (*)
          └── fontdb v0.23.0
              └── usvg v0.47.0
                  └── resvg v0.47.0
                      └── tze_hud_compositor v0.1.0 (*)
    ├ roxmltree v0.21.1
      └── usvg v0.47.0
          └── resvg v0.47.0
              └── tze_hud_compositor v0.1.0
                  ├── integration v0.1.0
                  ├── render_artifacts v0.1.0
                  ├── tze_hud_runtime v0.1.0
                  │   ├── benchmark v0.1.0
                  │   ├── integration v0.1.0 (*)
                  │   ├── (dev) poc_demo v0.1.0
                  │   ├── render_artifacts v0.1.0 (*)
                  │   ├── tze_hud_app v0.1.0
                  │   └── vertical_slice v0.1.0
                  └── (dev) vertical_slice v0.1.0 (*)

warning[duplicate]: found 2 duplicate entries for crate 'rustc-hash'
    ┌─ /home/orca/orca/projects/tze-hud/.worktrees/parallel-agents/hud-1wizi/Cargo.lock:255:1
    │  
255 │ ╭ rustc-hash 1.1.0 registry+https://github.com/rust-lang/crates.io-index
256 │ │ rustc-hash 2.1.2 registry+https://github.com/rust-lang/crates.io-index
    │ ╰──────────────────────────────────────────────────────────────────────┘ lock entries
    │  
    ├ rustc-hash v1.1.0
      ├── cosmic-text v0.12.1
      │   └── glyphon v0.8.0
      │       └── tze_hud_compositor v0.1.0
      │           ├── integration v0.1.0
      │           ├── render_artifacts v0.1.0
      │           ├── tze_hud_runtime v0.1.0
      │           │   ├── benchmark v0.1.0
      │           │   ├── integration v0.1.0 (*)
      │           │   ├── (dev) poc_demo v0.1.0
      │           │   ├── render_artifacts v0.1.0 (*)
      │           │   ├── tze_hud_app v0.1.0
      │           │   └── vertical_slice v0.1.0
      │           └── (dev) vertical_slice v0.1.0 (*)
      ├── naga v24.0.0
      │   ├── wgpu-core v24.0.5
      │   │   └── wgpu v24.0.5
      │   │       ├── glyphon v0.8.0 (*)
      │   │       ├── tze_hud_compositor v0.1.0 (*)
      │   │       └── tze_hud_runtime v0.1.0 (*)
      │   └── wgpu-hal v24.0.4
      │       ├── wgpu v24.0.5 (*)
      │       └── wgpu-core v24.0.5 (*)
      ├── wgpu-core v24.0.5 (*)
      └── wgpu-hal v24.0.4 (*)
    ├ rustc-hash v2.1.2
      ├── glyphon v0.8.0
      │   └── tze_hud_compositor v0.1.0
      │       ├── integration v0.1.0
      │       ├── render_artifacts v0.1.0
      │       ├── tze_hud_runtime v0.1.0
      │       │   ├── benchmark v0.1.0
      │       │   ├── integration v0.1.0 (*)
      │       │   ├── (dev) poc_demo v0.1.0
      │       │   ├── render_artifacts v0.1.0 (*)
      │       │   ├── tze_hud_app v0.1.0
      │       │   └── vertical_slice v0.1.0
      │       └── (dev) vertical_slice v0.1.0 (*)
      └── tiktoken-rs v0.12.0
          ├── benchmark v0.1.0 (*)
          ├── integration v0.1.0 (*)
          └── poc_demo v0.1.0 (*)

warning[duplicate]: found 2 duplicate entries for crate 'rustix'
    ┌─ /home/orca/orca/projects/tze-hud/.worktrees/parallel-agents/hud-1wizi/Cargo.lock:258:1
    │  
258 │ ╭ rustix 0.38.44 registry+https://github.com/rust-lang/crates.io-index
259 │ │ rustix 1.1.4 registry+https://github.com/rust-lang/crates.io-index
    │ ╰──────────────────────────────────────────────────────────────────┘ lock entries
    │  
    ├ rustix v0.38.44
      ├── calloop v0.13.0
      │   ├── calloop-wayland-source v0.3.0
      │   │   └── smithay-client-toolkit v0.19.2
      │   │       ├── sctk-adwaita v0.10.1
      │   │       │   └── winit v0.30.13
      │   │       │       ├── tze_hud_compositor v0.1.0
      │   │       │       │   ├── integration v0.1.0
      │   │       │       │   ├── render_artifacts v0.1.0
      │   │       │       │   ├── tze_hud_runtime v0.1.0
      │   │       │       │   │   ├── benchmark v0.1.0
      │   │       │       │   │   ├── integration v0.1.0 (*)
      │   │       │       │   │   ├── (dev) poc_demo v0.1.0
      │   │       │       │   │   ├── render_artifacts v0.1.0 (*)
      │   │       │       │   │   ├── tze_hud_app v0.1.0
      │   │       │       │   │   └── vertical_slice v0.1.0
      │   │       │       │   └── (dev) vertical_slice v0.1.0 (*)
      │   │       │       └── tze_hud_runtime v0.1.0 (*)
      │   │       └── winit v0.30.13 (*)
      │   ├── smithay-client-toolkit v0.19.2 (*)
      │   └── winit v0.30.13 (*)
      ├── calloop-wayland-source v0.3.0 (*)
      ├── smithay-client-toolkit v0.19.2 (*)
      └── winit v0.30.13 (*)
    ├ rustix v1.1.4
      ├── gethostname v1.1.0
      │   └── x11rb v0.13.2
      │       └── winit v0.30.13
      │           ├── tze_hud_compositor v0.1.0
      │           │   ├── integration v0.1.0
      │           │   ├── render_artifacts v0.1.0
      │           │   ├── tze_hud_runtime v0.1.0
      │           │   │   ├── benchmark v0.1.0
      │           │   │   ├── integration v0.1.0 (*)
      │           │   │   ├── (dev) poc_demo v0.1.0
      │           │   │   ├── render_artifacts v0.1.0 (*)
      │           │   │   ├── tze_hud_app v0.1.0
      │           │   │   └── vertical_slice v0.1.0
      │           │   └── (dev) vertical_slice v0.1.0 (*)
      │           └── tze_hud_runtime v0.1.0 (*)
      ├── polling v3.11.0
      │   └── calloop v0.13.0
      │       ├── calloop-wayland-source v0.3.0
      │       │   └── smithay-client-toolkit v0.19.2
      │       │       ├── sctk-adwaita v0.10.1
      │       │       │   └── winit v0.30.13 (*)
      │       │       └── winit v0.30.13 (*)
      │       ├── smithay-client-toolkit v0.19.2 (*)
      │       └── winit v0.30.13 (*)
      ├── tempfile v3.27.0
      │   ├── proptest v1.11.0
      │   │   ├── (dev) tze_hud_compositor v0.1.0 (*)
      │   │   ├── (dev) tze_hud_config v0.1.0
      │   │   │   ├── integration v0.1.0 (*)
      │   │   │   ├── (dev) poc_demo v0.1.0 (*)
      │   │   │   ├── tze_hud_app v0.1.0 (*)
      │   │   │   ├── tze_hud_projection v0.1.0
      │   │   │   │   ├── integration v0.1.0 (*)
      │   │   │   │   ├── tze_hud_mcp v0.1.0
      │   │   │   │   │   └── tze_hud_runtime v0.1.0 (*)
      │   │   │   │   └── tze_hud_runtime v0.1.0 (*)
      │   │   │   ├── tze_hud_runtime v0.1.0 (*)
      │   │   │   └── vertical_slice v0.1.0 (*)
      │   │   ├── (dev) tze_hud_input v0.1.0
      │   │   │   ├── benchmark v0.1.0 (*)
      │   │   │   ├── integration v0.1.0 (*)
      │   │   │   ├── tze_hud_compositor v0.1.0 (*)
      │   │   │   ├── (dev) tze_hud_projection v0.1.0 (*)
      │   │   │   ├── tze_hud_runtime v0.1.0 (*)
      │   │   │   └── (dev) vertical_slice v0.1.0 (*)
      │   │   ├── (dev) tze_hud_projection v0.1.0 (*)
      │   │   ├── (dev) tze_hud_protocol v0.1.0
      │   │   │   ├── integration v0.1.0 (*)
      │   │   │   ├── poc_demo v0.1.0 (*)
      │   │   │   ├── (dev) tze_hud_app v0.1.0 (*)
      │   │   │   ├── tze_hud_projection v0.1.0 (*)
      │   │   │   ├── (dev) tze_hud_protocol v0.1.0 (*)
      │   │   │   ├── tze_hud_runtime v0.1.0 (*)
      │   │   │   ├── vertical_slice v0.1.0 (*)
      │   │   │   └── widget_publish_load_harness v0.1.0
      │   │   ├── (dev) tze_hud_resource v0.1.0
      │   │   │   ├── integration v0.1.0 (*)
      │   │   │   ├── tze_hud_compositor v0.1.0 (*)
      │   │   │   ├── tze_hud_protocol v0.1.0 (*)
      │   │   │   ├── (dev) tze_hud_resource v0.1.0 (*)
      │   │   │   ├── tze_hud_runtime v0.1.0 (*)
      │   │   │   └── tze_hud_widget v0.1.0
      │   │   │       ├── (dev) tze_hud_compositor v0.1.0 (*)
      │   │   │       └── tze_hud_runtime v0.1.0 (*)
      │   │   └── (dev) tze_hud_scene v0.1.0
      │   │       ├── benchmark v0.1.0 (*)
      │   │       ├── integration v0.1.0 (*)
      │   │       ├── (dev) poc_demo v0.1.0 (*)
      │   │       ├── render_artifacts v0.1.0 (*)
      │   │       ├── tze_hud_app v0.1.0 (*)
      │   │       ├── tze_hud_compositor v0.1.0 (*)
      │   │       ├── tze_hud_config v0.1.0 (*)
      │   │       ├── tze_hud_input v0.1.0 (*)
      │   │       ├── tze_hud_mcp v0.1.0 (*)
      │   │       ├── (dev) tze_hud_projection v0.1.0 (*)
      │   │       ├── tze_hud_protocol v0.1.0 (*)
      │   │       ├── tze_hud_runtime v0.1.0 (*)
      │   │       ├── (dev) tze_hud_scene v0.1.0 (*)
      │   │       ├── tze_hud_widget v0.1.0 (*)
      │   │       └── (dev) vertical_slice v0.1.0 (*)
      │   ├── prost-build v0.13.5
      │   │   └── tonic-build v0.13.1
      │   │       └── (build) tze_hud_protocol v0.1.0 (*)
      │   ├── rusty-fork v0.3.1
      │   │   └── proptest v1.11.0 (*)
      │   ├── (dev) tze_hud_config v0.1.0 (*)
      │   ├── (dev) tze_hud_protocol v0.1.0 (*)
      │   ├── (dev) tze_hud_resource v0.1.0 (*)
      │   ├── (dev) tze_hud_runtime v0.1.0 (*)
      │   └── (dev) tze_hud_widget v0.1.0 (*)
      ├── wayland-backend v0.3.14
      │   ├── calloop-wayland-source v0.3.0 (*)
      │   ├── smithay-client-toolkit v0.19.2 (*)
      │   ├── wayland-client v0.31.13
      │   │   ├── calloop-wayland-source v0.3.0 (*)
      │   │   ├── smithay-client-toolkit v0.19.2 (*)
      │   │   ├── wayland-cursor v0.31.13
      │   │   │   └── smithay-client-toolkit v0.19.2 (*)
      │   │   ├── wayland-protocols v0.32.11
      │   │   │   ├── smithay-client-toolkit v0.19.2 (*)
      │   │   │   ├── wayland-protocols-plasma v0.3.11
      │   │   │   │   └── winit v0.30.13 (*)
      │   │   │   ├── wayland-protocols-wlr v0.3.11
      │   │   │   │   └── smithay-client-toolkit v0.19.2 (*)
      │   │   │   └── winit v0.30.13 (*)
      │   │   ├── wayland-protocols-plasma v0.3.11 (*)
      │   │   ├── wayland-protocols-wlr v0.3.11 (*)
      │   │   └── winit v0.30.13 (*)
      │   ├── wayland-csd-frame v0.3.0
      │   │   └── smithay-client-toolkit v0.19.2 (*)
      │   ├── wayland-protocols v0.32.11 (*)
      │   ├── wayland-protocols-plasma v0.3.11 (*)
      │   ├── wayland-protocols-wlr v0.3.11 (*)
      │   └── winit v0.30.13 (*)
      ├── wayland-client v0.31.13 (*)
      ├── wayland-cursor v0.31.13 (*)
      └── x11rb v0.13.2 (*)

warning[duplicate]: found 2 duplicate entries for crate 'rustybuzz'
    ┌─ /home/orca/orca/projects/tze-hud/.worktrees/parallel-agents/hud-1wizi/Cargo.lock:262:1
    │  
262 │ ╭ rustybuzz 0.14.1 registry+https://github.com/rust-lang/crates.io-index
263 │ │ rustybuzz 0.20.1 registry+https://github.com/rust-lang/crates.io-index
    │ ╰──────────────────────────────────────────────────────────────────────┘ lock entries
    │  
    ├ rustybuzz v0.14.1
      └── cosmic-text v0.12.1
          └── glyphon v0.8.0
              └── tze_hud_compositor v0.1.0
                  ├── integration v0.1.0
                  ├── render_artifacts v0.1.0
                  ├── tze_hud_runtime v0.1.0
                  │   ├── benchmark v0.1.0
                  │   ├── integration v0.1.0 (*)
                  │   ├── (dev) poc_demo v0.1.0
                  │   ├── render_artifacts v0.1.0 (*)
                  │   ├── tze_hud_app v0.1.0
                  │   └── vertical_slice v0.1.0
                  └── (dev) vertical_slice v0.1.0 (*)
    ├ rustybuzz v0.20.1
      └── usvg v0.47.0
          └── resvg v0.47.0
              └── tze_hud_compositor v0.1.0
                  ├── integration v0.1.0
                  ├── render_artifacts v0.1.0
                  ├── tze_hud_runtime v0.1.0
                  │   ├── benchmark v0.1.0
                  │   ├── integration v0.1.0 (*)
                  │   ├── (dev) poc_demo v0.1.0
                  │   ├── render_artifacts v0.1.0 (*)
                  │   ├── tze_hud_app v0.1.0
                  │   └── vertical_slice v0.1.0
                  └── (dev) vertical_slice v0.1.0 (*)

warning[duplicate]: found 2 duplicate entries for crate 'serde_spanned'
    ┌─ /home/orca/orca/projects/tze-hud/.worktrees/parallel-agents/hud-1wizi/Cargo.lock:274:1
    │  
274 │ ╭ serde_spanned 0.6.9 registry+https://github.com/rust-lang/crates.io-index
275 │ │ serde_spanned 1.1.1 registry+https://github.com/rust-lang/crates.io-index
    │ ╰─────────────────────────────────────────────────────────────────────────┘ lock entries
    │  
    ├ serde_spanned v0.6.9
      ├── toml v0.8.23
      │   ├── (dev) tze_hud_app v0.1.0
      │   ├── tze_hud_config v0.1.0
      │   │   ├── integration v0.1.0
      │   │   ├── (dev) poc_demo v0.1.0
      │   │   ├── tze_hud_app v0.1.0 (*)
      │   │   ├── tze_hud_projection v0.1.0
      │   │   │   ├── integration v0.1.0 (*)
      │   │   │   ├── tze_hud_mcp v0.1.0
      │   │   │   │   └── tze_hud_runtime v0.1.0
      │   │   │   │       ├── benchmark v0.1.0
      │   │   │   │       ├── integration v0.1.0 (*)
      │   │   │   │       ├── (dev) poc_demo v0.1.0 (*)
      │   │   │   │       ├── render_artifacts v0.1.0
      │   │   │   │       ├── tze_hud_app v0.1.0 (*)
      │   │   │   │       └── vertical_slice v0.1.0
      │   │   │   └── tze_hud_runtime v0.1.0 (*)
      │   │   ├── tze_hud_runtime v0.1.0 (*)
      │   │   └── vertical_slice v0.1.0 (*)
      │   ├── tze_hud_protocol v0.1.0
      │   │   ├── integration v0.1.0 (*)
      │   │   ├── poc_demo v0.1.0 (*)
      │   │   ├── (dev) tze_hud_app v0.1.0 (*)
      │   │   ├── tze_hud_projection v0.1.0 (*)
      │   │   ├── (dev) tze_hud_protocol v0.1.0 (*)
      │   │   ├── tze_hud_runtime v0.1.0 (*)
      │   │   ├── vertical_slice v0.1.0 (*)
      │   │   └── widget_publish_load_harness v0.1.0
      │   ├── tze_hud_runtime v0.1.0 (*)
      │   ├── tze_hud_widget v0.1.0
      │   │   ├── (dev) tze_hud_compositor v0.1.0
      │   │   │   ├── integration v0.1.0 (*)
      │   │   │   ├── render_artifacts v0.1.0 (*)
      │   │   │   ├── tze_hud_runtime v0.1.0 (*)
      │   │   │   └── (dev) vertical_slice v0.1.0 (*)
      │   │   └── tze_hud_runtime v0.1.0 (*)
      │   └── widget_publish_load_harness v0.1.0 (*)
      └── toml_edit v0.22.27
          ├── toml v0.8.23 (*)
          └── tze_hud_config v0.1.0 (*)
    ├ serde_spanned v1.1.1
      └── toml v0.9.12+spec-1.1.0
          └── embed-resource v3.0.8
              └── (build) tze_hud_app v0.1.0

warning[duplicate]: found 2 duplicate entries for crate 'socket2'
    ┌─ /home/orca/orca/projects/tze-hud/.worktrees/parallel-agents/hud-1wizi/Cargo.lock:291:1
    │  
291 │ ╭ socket2 0.5.10 registry+https://github.com/rust-lang/crates.io-index
292 │ │ socket2 0.6.3 registry+https://github.com/rust-lang/crates.io-index
    │ ╰───────────────────────────────────────────────────────────────────┘ lock entries
    │  
    ├ socket2 v0.5.10
      └── tonic v0.13.1
          ├── integration v0.1.0
          ├── poc_demo v0.1.0
          ├── tze_hud_protocol v0.1.0
          │   ├── integration v0.1.0 (*)
          │   ├── poc_demo v0.1.0 (*)
          │   ├── (dev) tze_hud_app v0.1.0
          │   ├── tze_hud_projection v0.1.0
          │   │   ├── integration v0.1.0 (*)
          │   │   ├── tze_hud_mcp v0.1.0
          │   │   │   └── tze_hud_runtime v0.1.0
          │   │   │       ├── benchmark v0.1.0
          │   │   │       ├── integration v0.1.0 (*)
          │   │   │       ├── (dev) poc_demo v0.1.0 (*)
          │   │   │       ├── render_artifacts v0.1.0
          │   │   │       ├── tze_hud_app v0.1.0 (*)
          │   │   │       └── vertical_slice v0.1.0
          │   │   └── tze_hud_runtime v0.1.0 (*)
          │   ├── (dev) tze_hud_protocol v0.1.0 (*)
          │   ├── tze_hud_runtime v0.1.0 (*)
          │   ├── vertical_slice v0.1.0 (*)
          │   └── widget_publish_load_harness v0.1.0
          ├── tze_hud_runtime v0.1.0 (*)
          ├── vertical_slice v0.1.0 (*)
          └── widget_publish_load_harness v0.1.0 (*)
    ├ socket2 v0.6.3
      ├── hyper-util v0.1.20
      │   ├── hyper-timeout v0.5.2
      │   │   └── tonic v0.13.1
      │   │       ├── integration v0.1.0
      │   │       ├── poc_demo v0.1.0
      │   │       ├── tze_hud_protocol v0.1.0
      │   │       │   ├── integration v0.1.0 (*)
      │   │       │   ├── poc_demo v0.1.0 (*)
      │   │       │   ├── (dev) tze_hud_app v0.1.0
      │   │       │   ├── tze_hud_projection v0.1.0
      │   │       │   │   ├── integration v0.1.0 (*)
      │   │       │   │   ├── tze_hud_mcp v0.1.0
      │   │       │   │   │   └── tze_hud_runtime v0.1.0
      │   │       │   │   │       ├── benchmark v0.1.0
      │   │       │   │   │       ├── integration v0.1.0 (*)
      │   │       │   │   │       ├── (dev) poc_demo v0.1.0 (*)
      │   │       │   │   │       ├── render_artifacts v0.1.0
      │   │       │   │   │       ├── tze_hud_app v0.1.0 (*)
      │   │       │   │   │       └── vertical_slice v0.1.0
      │   │       │   │   └── tze_hud_runtime v0.1.0 (*)
      │   │       │   ├── (dev) tze_hud_protocol v0.1.0 (*)
      │   │       │   ├── tze_hud_runtime v0.1.0 (*)
      │   │       │   ├── vertical_slice v0.1.0 (*)
      │   │       │   └── widget_publish_load_harness v0.1.0
      │   │       ├── tze_hud_runtime v0.1.0 (*)
      │   │       ├── vertical_slice v0.1.0 (*)
      │   │       └── widget_publish_load_harness v0.1.0 (*)
      │   └── tonic v0.13.1 (*)
      └── tokio v1.50.0
          ├── benchmark v0.1.0 (*)
          ├── h2 v0.4.19
          │   ├── hyper v1.8.1
          │   │   ├── hyper-timeout v0.5.2 (*)
          │   │   ├── hyper-util v0.1.20 (*)
          │   │   └── tonic v0.13.1 (*)
          │   ├── integration v0.1.0 (*)
          │   └── tonic v0.13.1 (*)
          ├── hyper v1.8.1 (*)
          ├── hyper-timeout v0.5.2 (*)
          ├── hyper-util v0.1.20 (*)
          ├── integration v0.1.0 (*)
          ├── poc_demo v0.1.0 (*)
          ├── render_artifacts v0.1.0 (*)
          ├── tokio-stream v0.1.18
          │   ├── integration v0.1.0 (*)
          │   ├── poc_demo v0.1.0 (*)
          │   ├── tonic v0.13.1 (*)
          │   ├── (dev) tze_hud_app v0.1.0 (*)
          │   ├── tze_hud_protocol v0.1.0 (*)
          │   ├── tze_hud_runtime v0.1.0 (*)
          │   ├── vertical_slice v0.1.0 (*)
          │   └── widget_publish_load_harness v0.1.0 (*)
          ├── tokio-util v0.7.18
          │   ├── h2 v0.4.19 (*)
          │   ├── tokio-stream v0.1.18 (*)
          │   └── tower v0.5.3
          │       ├── axum v0.8.8
          │       │   └── tonic v0.13.1 (*)
          │       └── tonic v0.13.1 (*)
          ├── tonic v0.13.1 (*)
          ├── tower v0.5.3 (*)
          ├── tze_hud_app v0.1.0 (*)
          ├── (dev) tze_hud_compositor v0.1.0
          │   ├── integration v0.1.0 (*)
          │   ├── render_artifacts v0.1.0 (*)
          │   ├── tze_hud_runtime v0.1.0 (*)
          │   └── (dev) vertical_slice v0.1.0 (*)
          ├── (dev) tze_hud_mcp v0.1.0 (*)
          ├── tze_hud_protocol v0.1.0 (*)
          ├── tze_hud_resource v0.1.0
          │   ├── integration v0.1.0 (*)
          │   ├── tze_hud_compositor v0.1.0 (*)
          │   ├── tze_hud_protocol v0.1.0 (*)
          │   ├── (dev) tze_hud_resource v0.1.0 (*)
          │   ├── tze_hud_runtime v0.1.0 (*)
          │   └── tze_hud_widget v0.1.0
          │       ├── (dev) tze_hud_compositor v0.1.0 (*)
          │       └── tze_hud_runtime v0.1.0 (*)
          ├── (dev) tze_hud_runtime v0.1.0 (*)
          ├── vertical_slice v0.1.0 (*)
          └── widget_publish_load_harness v0.1.0 (*)

warning[duplicate]: found 2 duplicate entries for crate 'thiserror'
    ┌─ /home/orca/orca/projects/tze-hud/.worktrees/parallel-agents/hud-1wizi/Cargo.lock:307:1
    │  
307 │ ╭ thiserror 1.0.69 registry+https://github.com/rust-lang/crates.io-index
308 │ │ thiserror 2.0.18 registry+https://github.com/rust-lang/crates.io-index
    │ ╰──────────────────────────────────────────────────────────────────────┘ lock entries
    │  
    ├ thiserror v1.0.69
      ├── calloop v0.13.0
      │   ├── calloop-wayland-source v0.3.0
      │   │   └── smithay-client-toolkit v0.19.2
      │   │       ├── sctk-adwaita v0.10.1
      │   │       │   └── winit v0.30.13
      │   │       │       ├── tze_hud_compositor v0.1.0
      │   │       │       │   ├── integration v0.1.0
      │   │       │       │   ├── render_artifacts v0.1.0
      │   │       │       │   ├── tze_hud_runtime v0.1.0
      │   │       │       │   │   ├── benchmark v0.1.0
      │   │       │       │   │   ├── integration v0.1.0 (*)
      │   │       │       │   │   ├── (dev) poc_demo v0.1.0
      │   │       │       │   │   ├── render_artifacts v0.1.0 (*)
      │   │       │       │   │   ├── tze_hud_app v0.1.0
      │   │       │       │   │   └── vertical_slice v0.1.0
      │   │       │       │   └── (dev) vertical_slice v0.1.0 (*)
      │   │       │       └── tze_hud_runtime v0.1.0 (*)
      │   │       └── winit v0.30.13 (*)
      │   ├── smithay-client-toolkit v0.19.2 (*)
      │   └── winit v0.30.13 (*)
      ├── gpu-allocator v0.27.0
      │   └── wgpu-hal v24.0.4
      │       ├── wgpu v24.0.5
      │       │   ├── glyphon v0.8.0
      │       │   │   └── tze_hud_compositor v0.1.0 (*)
      │       │   ├── tze_hud_compositor v0.1.0 (*)
      │       │   └── tze_hud_runtime v0.1.0 (*)
      │       └── wgpu-core v24.0.5
      │           └── wgpu v24.0.5 (*)
      ├── ndk v0.9.0
      │   ├── android-activity v0.6.1
      │   │   └── winit v0.30.13 (*)
      │   └── winit v0.30.13 (*)
      └── smithay-client-toolkit v0.19.2 (*)
    ├ thiserror v2.0.18
      ├── android-activity v0.6.1
      │   └── winit v0.30.13
      │       ├── tze_hud_compositor v0.1.0
      │       │   ├── integration v0.1.0
      │       │   ├── render_artifacts v0.1.0
      │       │   ├── tze_hud_runtime v0.1.0
      │       │   │   ├── benchmark v0.1.0
      │       │   │   ├── integration v0.1.0 (*)
      │       │   │   ├── (dev) poc_demo v0.1.0
      │       │   │   ├── render_artifacts v0.1.0 (*)
      │       │   │   ├── tze_hud_app v0.1.0
      │       │   │   └── vertical_slice v0.1.0
      │       │   └── (dev) vertical_slice v0.1.0 (*)
      │       └── tze_hud_runtime v0.1.0 (*)
      ├── jni v0.22.4
      │   └── android-activity v0.6.1 (*)
      ├── naga v24.0.0
      │   ├── wgpu-core v24.0.5
      │   │   └── wgpu v24.0.5
      │   │       ├── glyphon v0.8.0
      │   │       │   └── tze_hud_compositor v0.1.0 (*)
      │   │       ├── tze_hud_compositor v0.1.0 (*)
      │   │       └── tze_hud_runtime v0.1.0 (*)
      │   └── wgpu-hal v24.0.4
      │       ├── wgpu v24.0.5 (*)
      │       └── wgpu-core v24.0.5 (*)
      ├── tze_hud_compositor v0.1.0 (*)
      ├── tze_hud_mcp v0.1.0
      │   └── tze_hud_runtime v0.1.0 (*)
      ├── tze_hud_projection v0.1.0
      │   ├── integration v0.1.0 (*)
      │   ├── tze_hud_mcp v0.1.0 (*)
      │   └── tze_hud_runtime v0.1.0 (*)
      ├── tze_hud_resource v0.1.0
      │   ├── integration v0.1.0 (*)
      │   ├── tze_hud_compositor v0.1.0 (*)
      │   ├── tze_hud_protocol v0.1.0
      │   │   ├── integration v0.1.0 (*)
      │   │   ├── poc_demo v0.1.0 (*)
      │   │   ├── (dev) tze_hud_app v0.1.0 (*)
      │   │   ├── tze_hud_projection v0.1.0 (*)
      │   │   ├── (dev) tze_hud_protocol v0.1.0 (*)
      │   │   ├── tze_hud_runtime v0.1.0 (*)
      │   │   ├── vertical_slice v0.1.0 (*)
      │   │   └── widget_publish_load_harness v0.1.0
      │   ├── (dev) tze_hud_resource v0.1.0 (*)
      │   ├── tze_hud_runtime v0.1.0 (*)
      │   └── tze_hud_widget v0.1.0
      │       ├── (dev) tze_hud_compositor v0.1.0 (*)
      │       └── tze_hud_runtime v0.1.0 (*)
      ├── tze_hud_runtime v0.1.0 (*)
      ├── tze_hud_scene v0.1.0
      │   ├── benchmark v0.1.0 (*)
      │   ├── integration v0.1.0 (*)
      │   ├── (dev) poc_demo v0.1.0 (*)
      │   ├── render_artifacts v0.1.0 (*)
      │   ├── tze_hud_app v0.1.0 (*)
      │   ├── tze_hud_compositor v0.1.0 (*)
      │   ├── tze_hud_config v0.1.0
      │   │   ├── integration v0.1.0 (*)
      │   │   ├── (dev) poc_demo v0.1.0 (*)
      │   │   ├── tze_hud_app v0.1.0 (*)
      │   │   ├── tze_hud_projection v0.1.0 (*)
      │   │   ├── tze_hud_runtime v0.1.0 (*)
      │   │   └── vertical_slice v0.1.0 (*)
      │   ├── tze_hud_input v0.1.0
      │   │   ├── benchmark v0.1.0 (*)
      │   │   ├── integration v0.1.0 (*)
      │   │   ├── tze_hud_compositor v0.1.0 (*)
      │   │   ├── (dev) tze_hud_projection v0.1.0 (*)
      │   │   ├── tze_hud_runtime v0.1.0 (*)
      │   │   └── (dev) vertical_slice v0.1.0 (*)
      │   ├── tze_hud_mcp v0.1.0 (*)
      │   ├── (dev) tze_hud_projection v0.1.0 (*)
      │   ├── tze_hud_protocol v0.1.0 (*)
      │   ├── tze_hud_runtime v0.1.0 (*)
      │   ├── (dev) tze_hud_scene v0.1.0 (*)
      │   ├── tze_hud_widget v0.1.0 (*)
      │   └── (dev) vertical_slice v0.1.0 (*)
      ├── tze_hud_widget v0.1.0 (*)
      ├── wgpu-core v24.0.5 (*)
      └── wgpu-hal v24.0.4 (*)

warning[duplicate]: found 2 duplicate entries for crate 'thiserror-impl'
    ┌─ /home/orca/orca/projects/tze-hud/.worktrees/parallel-agents/hud-1wizi/Cargo.lock:309:1
    │  
309 │ ╭ thiserror-impl 1.0.69 registry+https://github.com/rust-lang/crates.io-index
310 │ │ thiserror-impl 2.0.18 registry+https://github.com/rust-lang/crates.io-index
    │ ╰───────────────────────────────────────────────────────────────────────────┘ lock entries
    │  
    ├ thiserror-impl v1.0.69
      └── thiserror v1.0.69
          ├── calloop v0.13.0
          │   ├── calloop-wayland-source v0.3.0
          │   │   └── smithay-client-toolkit v0.19.2
          │   │       ├── sctk-adwaita v0.10.1
          │   │       │   └── winit v0.30.13
          │   │       │       ├── tze_hud_compositor v0.1.0
          │   │       │       │   ├── integration v0.1.0
          │   │       │       │   ├── render_artifacts v0.1.0
          │   │       │       │   ├── tze_hud_runtime v0.1.0
          │   │       │       │   │   ├── benchmark v0.1.0
          │   │       │       │   │   ├── integration v0.1.0 (*)
          │   │       │       │   │   ├── (dev) poc_demo v0.1.0
          │   │       │       │   │   ├── render_artifacts v0.1.0 (*)
          │   │       │       │   │   ├── tze_hud_app v0.1.0
          │   │       │       │   │   └── vertical_slice v0.1.0
          │   │       │       │   └── (dev) vertical_slice v0.1.0 (*)
          │   │       │       └── tze_hud_runtime v0.1.0 (*)
          │   │       └── winit v0.30.13 (*)
          │   ├── smithay-client-toolkit v0.19.2 (*)
          │   └── winit v0.30.13 (*)
          ├── gpu-allocator v0.27.0
          │   └── wgpu-hal v24.0.4
          │       ├── wgpu v24.0.5
          │       │   ├── glyphon v0.8.0
          │       │   │   └── tze_hud_compositor v0.1.0 (*)
          │       │   ├── tze_hud_compositor v0.1.0 (*)
          │       │   └── tze_hud_runtime v0.1.0 (*)
          │       └── wgpu-core v24.0.5
          │           └── wgpu v24.0.5 (*)
          ├── ndk v0.9.0
          │   ├── android-activity v0.6.1
          │   │   └── winit v0.30.13 (*)
          │   └── winit v0.30.13 (*)
          └── smithay-client-toolkit v0.19.2 (*)
    ├ thiserror-impl v2.0.18
      └── thiserror v2.0.18
          ├── android-activity v0.6.1
          │   └── winit v0.30.13
          │       ├── tze_hud_compositor v0.1.0
          │       │   ├── integration v0.1.0
          │       │   ├── render_artifacts v0.1.0
          │       │   ├── tze_hud_runtime v0.1.0
          │       │   │   ├── benchmark v0.1.0
          │       │   │   ├── integration v0.1.0 (*)
          │       │   │   ├── (dev) poc_demo v0.1.0
          │       │   │   ├── render_artifacts v0.1.0 (*)
          │       │   │   ├── tze_hud_app v0.1.0
          │       │   │   └── vertical_slice v0.1.0
          │       │   └── (dev) vertical_slice v0.1.0 (*)
          │       └── tze_hud_runtime v0.1.0 (*)
          ├── jni v0.22.4
          │   └── android-activity v0.6.1 (*)
          ├── naga v24.0.0
          │   ├── wgpu-core v24.0.5
          │   │   └── wgpu v24.0.5
          │   │       ├── glyphon v0.8.0
          │   │       │   └── tze_hud_compositor v0.1.0 (*)
          │   │       ├── tze_hud_compositor v0.1.0 (*)
          │   │       └── tze_hud_runtime v0.1.0 (*)
          │   └── wgpu-hal v24.0.4
          │       ├── wgpu v24.0.5 (*)
          │       └── wgpu-core v24.0.5 (*)
          ├── tze_hud_compositor v0.1.0 (*)
          ├── tze_hud_mcp v0.1.0
          │   └── tze_hud_runtime v0.1.0 (*)
          ├── tze_hud_projection v0.1.0
          │   ├── integration v0.1.0 (*)
          │   ├── tze_hud_mcp v0.1.0 (*)
          │   └── tze_hud_runtime v0.1.0 (*)
          ├── tze_hud_resource v0.1.0
          │   ├── integration v0.1.0 (*)
          │   ├── tze_hud_compositor v0.1.0 (*)
          │   ├── tze_hud_protocol v0.1.0
          │   │   ├── integration v0.1.0 (*)
          │   │   ├── poc_demo v0.1.0 (*)
          │   │   ├── (dev) tze_hud_app v0.1.0 (*)
          │   │   ├── tze_hud_projection v0.1.0 (*)
          │   │   ├── (dev) tze_hud_protocol v0.1.0 (*)
          │   │   ├── tze_hud_runtime v0.1.0 (*)
          │   │   ├── vertical_slice v0.1.0 (*)
          │   │   └── widget_publish_load_harness v0.1.0
          │   ├── (dev) tze_hud_resource v0.1.0 (*)
          │   ├── tze_hud_runtime v0.1.0 (*)
          │   └── tze_hud_widget v0.1.0
          │       ├── (dev) tze_hud_compositor v0.1.0 (*)
          │       └── tze_hud_runtime v0.1.0 (*)
          ├── tze_hud_runtime v0.1.0 (*)
          ├── tze_hud_scene v0.1.0
          │   ├── benchmark v0.1.0 (*)
          │   ├── integration v0.1.0 (*)
          │   ├── (dev) poc_demo v0.1.0 (*)
          │   ├── render_artifacts v0.1.0 (*)
          │   ├── tze_hud_app v0.1.0 (*)
          │   ├── tze_hud_compositor v0.1.0 (*)
          │   ├── tze_hud_config v0.1.0
          │   │   ├── integration v0.1.0 (*)
          │   │   ├── (dev) poc_demo v0.1.0 (*)
          │   │   ├── tze_hud_app v0.1.0 (*)
          │   │   ├── tze_hud_projection v0.1.0 (*)
          │   │   ├── tze_hud_runtime v0.1.0 (*)
          │   │   └── vertical_slice v0.1.0 (*)
          │   ├── tze_hud_input v0.1.0
          │   │   ├── benchmark v0.1.0 (*)
          │   │   ├── integration v0.1.0 (*)
          │   │   ├── tze_hud_compositor v0.1.0 (*)
          │   │   ├── (dev) tze_hud_projection v0.1.0 (*)
          │   │   ├── tze_hud_runtime v0.1.0 (*)
          │   │   └── (dev) vertical_slice v0.1.0 (*)
          │   ├── tze_hud_mcp v0.1.0 (*)
          │   ├── (dev) tze_hud_projection v0.1.0 (*)
          │   ├── tze_hud_protocol v0.1.0 (*)
          │   ├── tze_hud_runtime v0.1.0 (*)
          │   ├── (dev) tze_hud_scene v0.1.0 (*)
          │   ├── tze_hud_widget v0.1.0 (*)
          │   └── (dev) vertical_slice v0.1.0 (*)
          ├── tze_hud_widget v0.1.0 (*)
          ├── wgpu-core v24.0.5 (*)
          └── wgpu-hal v24.0.4 (*)

warning[duplicate]: found 2 duplicate entries for crate 'tiny-skia'
    ┌─ /home/orca/orca/projects/tze-hud/.worktrees/parallel-agents/hud-1wizi/Cargo.lock:313:1
    │  
313 │ ╭ tiny-skia 0.11.4 registry+https://github.com/rust-lang/crates.io-index
314 │ │ tiny-skia 0.12.0 registry+https://github.com/rust-lang/crates.io-index
    │ ╰──────────────────────────────────────────────────────────────────────┘ lock entries
    │  
    ├ tiny-skia v0.11.4
      └── sctk-adwaita v0.10.1
          └── winit v0.30.13
              ├── tze_hud_compositor v0.1.0
              │   ├── integration v0.1.0
              │   ├── render_artifacts v0.1.0
              │   ├── tze_hud_runtime v0.1.0
              │   │   ├── benchmark v0.1.0
              │   │   ├── integration v0.1.0 (*)
              │   │   ├── (dev) poc_demo v0.1.0
              │   │   ├── render_artifacts v0.1.0 (*)
              │   │   ├── tze_hud_app v0.1.0
              │   │   └── vertical_slice v0.1.0
              │   └── (dev) vertical_slice v0.1.0 (*)
              └── tze_hud_runtime v0.1.0 (*)
    ├ tiny-skia v0.12.0
      ├── resvg v0.47.0
      │   └── tze_hud_compositor v0.1.0
      │       ├── integration v0.1.0
      │       ├── render_artifacts v0.1.0
      │       ├── tze_hud_runtime v0.1.0
      │       │   ├── benchmark v0.1.0
      │       │   ├── integration v0.1.0 (*)
      │       │   ├── (dev) poc_demo v0.1.0
      │       │   ├── render_artifacts v0.1.0 (*)
      │       │   ├── tze_hud_app v0.1.0
      │       │   └── vertical_slice v0.1.0
      │       └── (dev) vertical_slice v0.1.0 (*)
      └── tze_hud_compositor v0.1.0 (*)

warning[duplicate]: found 2 duplicate entries for crate 'tiny-skia-path'
    ┌─ /home/orca/orca/projects/tze-hud/.worktrees/parallel-agents/hud-1wizi/Cargo.lock:315:1
    │  
315 │ ╭ tiny-skia-path 0.11.4 registry+https://github.com/rust-lang/crates.io-index
316 │ │ tiny-skia-path 0.12.0 registry+https://github.com/rust-lang/crates.io-index
    │ ╰───────────────────────────────────────────────────────────────────────────┘ lock entries
    │  
    ├ tiny-skia-path v0.11.4
      └── tiny-skia v0.11.4
          └── sctk-adwaita v0.10.1
              └── winit v0.30.13
                  ├── tze_hud_compositor v0.1.0
                  │   ├── integration v0.1.0
                  │   ├── render_artifacts v0.1.0
                  │   ├── tze_hud_runtime v0.1.0
                  │   │   ├── benchmark v0.1.0
                  │   │   ├── integration v0.1.0 (*)
                  │   │   ├── (dev) poc_demo v0.1.0
                  │   │   ├── render_artifacts v0.1.0 (*)
                  │   │   ├── tze_hud_app v0.1.0
                  │   │   └── vertical_slice v0.1.0
                  │   └── (dev) vertical_slice v0.1.0 (*)
                  └── tze_hud_runtime v0.1.0 (*)
    ├ tiny-skia-path v0.12.0
      ├── tiny-skia v0.12.0
      │   ├── resvg v0.47.0
      │   │   └── tze_hud_compositor v0.1.0
      │   │       ├── integration v0.1.0
      │   │       ├── render_artifacts v0.1.0
      │   │       ├── tze_hud_runtime v0.1.0
      │   │       │   ├── benchmark v0.1.0
      │   │       │   ├── integration v0.1.0 (*)
      │   │       │   ├── (dev) poc_demo v0.1.0
      │   │       │   ├── render_artifacts v0.1.0 (*)
      │   │       │   ├── tze_hud_app v0.1.0
      │   │       │   └── vertical_slice v0.1.0
      │   │       └── (dev) vertical_slice v0.1.0 (*)
      │   └── tze_hud_compositor v0.1.0 (*)
      └── usvg v0.47.0
          └── resvg v0.47.0 (*)

warning[duplicate]: found 2 duplicate entries for crate 'toml'
    ┌─ /home/orca/orca/projects/tze-hud/.worktrees/parallel-agents/hud-1wizi/Cargo.lock:324:1
    │  
324 │ ╭ toml 0.8.23 registry+https://github.com/rust-lang/crates.io-index
325 │ │ toml 0.9.12+spec-1.1.0 registry+https://github.com/rust-lang/crates.io-index
    │ ╰────────────────────────────────────────────────────────────────────────────┘ lock entries
    │  
    ├ toml v0.8.23
      ├── (dev) tze_hud_app v0.1.0
      ├── tze_hud_config v0.1.0
      │   ├── integration v0.1.0
      │   ├── (dev) poc_demo v0.1.0
      │   ├── tze_hud_app v0.1.0 (*)
      │   ├── tze_hud_projection v0.1.0
      │   │   ├── integration v0.1.0 (*)
      │   │   ├── tze_hud_mcp v0.1.0
      │   │   │   └── tze_hud_runtime v0.1.0
      │   │   │       ├── benchmark v0.1.0
      │   │   │       ├── integration v0.1.0 (*)
      │   │   │       ├── (dev) poc_demo v0.1.0 (*)
      │   │   │       ├── render_artifacts v0.1.0
      │   │   │       ├── tze_hud_app v0.1.0 (*)
      │   │   │       └── vertical_slice v0.1.0
      │   │   └── tze_hud_runtime v0.1.0 (*)
      │   ├── tze_hud_runtime v0.1.0 (*)
      │   └── vertical_slice v0.1.0 (*)
      ├── tze_hud_protocol v0.1.0
      │   ├── integration v0.1.0 (*)
      │   ├── poc_demo v0.1.0 (*)
      │   ├── (dev) tze_hud_app v0.1.0 (*)
      │   ├── tze_hud_projection v0.1.0 (*)
      │   ├── (dev) tze_hud_protocol v0.1.0 (*)
      │   ├── tze_hud_runtime v0.1.0 (*)
      │   ├── vertical_slice v0.1.0 (*)
      │   └── widget_publish_load_harness v0.1.0
      ├── tze_hud_runtime v0.1.0 (*)
      ├── tze_hud_widget v0.1.0
      │   ├── (dev) tze_hud_compositor v0.1.0
      │   │   ├── integration v0.1.0 (*)
      │   │   ├── render_artifacts v0.1.0 (*)
      │   │   ├── tze_hud_runtime v0.1.0 (*)
      │   │   └── (dev) vertical_slice v0.1.0 (*)
      │   └── tze_hud_runtime v0.1.0 (*)
      └── widget_publish_load_harness v0.1.0 (*)
    ├ toml v0.9.12+spec-1.1.0
      └── embed-resource v3.0.8
          └── (build) tze_hud_app v0.1.0

warning[duplicate]: found 3 duplicate entries for crate 'toml_datetime'
    ┌─ /home/orca/orca/projects/tze-hud/.worktrees/parallel-agents/hud-1wizi/Cargo.lock:326:1
    │  
326 │ ╭ toml_datetime 0.6.11 registry+https://github.com/rust-lang/crates.io-index
327 │ │ toml_datetime 0.7.5+spec-1.1.0 registry+https://github.com/rust-lang/crates.io-index
328 │ │ toml_datetime 1.1.1+spec-1.1.0 registry+https://github.com/rust-lang/crates.io-index
    │ ╰────────────────────────────────────────────────────────────────────────────────────┘ lock entries
    │  
    ├ toml_datetime v0.6.11
      ├── toml v0.8.23
      │   ├── (dev) tze_hud_app v0.1.0
      │   ├── tze_hud_config v0.1.0
      │   │   ├── integration v0.1.0
      │   │   ├── (dev) poc_demo v0.1.0
      │   │   ├── tze_hud_app v0.1.0 (*)
      │   │   ├── tze_hud_projection v0.1.0
      │   │   │   ├── integration v0.1.0 (*)
      │   │   │   ├── tze_hud_mcp v0.1.0
      │   │   │   │   └── tze_hud_runtime v0.1.0
      │   │   │   │       ├── benchmark v0.1.0
      │   │   │   │       ├── integration v0.1.0 (*)
      │   │   │   │       ├── (dev) poc_demo v0.1.0 (*)
      │   │   │   │       ├── render_artifacts v0.1.0
      │   │   │   │       ├── tze_hud_app v0.1.0 (*)
      │   │   │   │       └── vertical_slice v0.1.0
      │   │   │   └── tze_hud_runtime v0.1.0 (*)
      │   │   ├── tze_hud_runtime v0.1.0 (*)
      │   │   └── vertical_slice v0.1.0 (*)
      │   ├── tze_hud_protocol v0.1.0
      │   │   ├── integration v0.1.0 (*)
      │   │   ├── poc_demo v0.1.0 (*)
      │   │   ├── (dev) tze_hud_app v0.1.0 (*)
      │   │   ├── tze_hud_projection v0.1.0 (*)
      │   │   ├── (dev) tze_hud_protocol v0.1.0 (*)
      │   │   ├── tze_hud_runtime v0.1.0 (*)
      │   │   ├── vertical_slice v0.1.0 (*)
      │   │   └── widget_publish_load_harness v0.1.0
      │   ├── tze_hud_runtime v0.1.0 (*)
      │   ├── tze_hud_widget v0.1.0
      │   │   ├── (dev) tze_hud_compositor v0.1.0
      │   │   │   ├── integration v0.1.0 (*)
      │   │   │   ├── render_artifacts v0.1.0 (*)
      │   │   │   ├── tze_hud_runtime v0.1.0 (*)
      │   │   │   └── (dev) vertical_slice v0.1.0 (*)
      │   │   └── tze_hud_runtime v0.1.0 (*)
      │   └── widget_publish_load_harness v0.1.0 (*)
      └── toml_edit v0.22.27
          ├── toml v0.8.23 (*)
          └── tze_hud_config v0.1.0 (*)
    ├ toml_datetime v0.7.5+spec-1.1.0
      └── toml v0.9.12+spec-1.1.0
          └── embed-resource v3.0.8
              └── (build) tze_hud_app v0.1.0
    ├ toml_datetime v1.1.1+spec-1.1.0
      └── toml_edit v0.25.8+spec-1.1.0
          └── proc-macro-crate v3.5.0
              └── num_enum_derive v0.7.6
                  └── num_enum v0.7.6
                      ├── android-activity v0.6.1
                      │   └── winit v0.30.13
                      │       ├── tze_hud_compositor v0.1.0
                      │       │   ├── integration v0.1.0
                      │       │   ├── render_artifacts v0.1.0
                      │       │   ├── tze_hud_runtime v0.1.0
                      │       │   │   ├── benchmark v0.1.0
                      │       │   │   ├── integration v0.1.0 (*)
                      │       │   │   ├── (dev) poc_demo v0.1.0
                      │       │   │   ├── render_artifacts v0.1.0 (*)
                      │       │   │   ├── tze_hud_app v0.1.0
                      │       │   │   └── vertical_slice v0.1.0
                      │       │   └── (dev) vertical_slice v0.1.0 (*)
                      │       └── tze_hud_runtime v0.1.0 (*)
                      └── ndk v0.9.0
                          ├── android-activity v0.6.1 (*)
                          └── winit v0.30.13 (*)

warning[duplicate]: found 2 duplicate entries for crate 'toml_edit'
    ┌─ /home/orca/orca/projects/tze-hud/.worktrees/parallel-agents/hud-1wizi/Cargo.lock:329:1
    │  
329 │ ╭ toml_edit 0.22.27 registry+https://github.com/rust-lang/crates.io-index
330 │ │ toml_edit 0.25.8+spec-1.1.0 registry+https://github.com/rust-lang/crates.io-index
    │ ╰─────────────────────────────────────────────────────────────────────────────────┘ lock entries
    │  
    ├ toml_edit v0.22.27
      ├── toml v0.8.23
      │   ├── (dev) tze_hud_app v0.1.0
      │   ├── tze_hud_config v0.1.0
      │   │   ├── integration v0.1.0
      │   │   ├── (dev) poc_demo v0.1.0
      │   │   ├── tze_hud_app v0.1.0 (*)
      │   │   ├── tze_hud_projection v0.1.0
      │   │   │   ├── integration v0.1.0 (*)
      │   │   │   ├── tze_hud_mcp v0.1.0
      │   │   │   │   └── tze_hud_runtime v0.1.0
      │   │   │   │       ├── benchmark v0.1.0
      │   │   │   │       ├── integration v0.1.0 (*)
      │   │   │   │       ├── (dev) poc_demo v0.1.0 (*)
      │   │   │   │       ├── render_artifacts v0.1.0
      │   │   │   │       ├── tze_hud_app v0.1.0 (*)
      │   │   │   │       └── vertical_slice v0.1.0
      │   │   │   └── tze_hud_runtime v0.1.0 (*)
      │   │   ├── tze_hud_runtime v0.1.0 (*)
      │   │   └── vertical_slice v0.1.0 (*)
      │   ├── tze_hud_protocol v0.1.0
      │   │   ├── integration v0.1.0 (*)
      │   │   ├── poc_demo v0.1.0 (*)
      │   │   ├── (dev) tze_hud_app v0.1.0 (*)
      │   │   ├── tze_hud_projection v0.1.0 (*)
      │   │   ├── (dev) tze_hud_protocol v0.1.0 (*)
      │   │   ├── tze_hud_runtime v0.1.0 (*)
      │   │   ├── vertical_slice v0.1.0 (*)
      │   │   └── widget_publish_load_harness v0.1.0
      │   ├── tze_hud_runtime v0.1.0 (*)
      │   ├── tze_hud_widget v0.1.0
      │   │   ├── (dev) tze_hud_compositor v0.1.0
      │   │   │   ├── integration v0.1.0 (*)
      │   │   │   ├── render_artifacts v0.1.0 (*)
      │   │   │   ├── tze_hud_runtime v0.1.0 (*)
      │   │   │   └── (dev) vertical_slice v0.1.0 (*)
      │   │   └── tze_hud_runtime v0.1.0 (*)
      │   └── widget_publish_load_harness v0.1.0 (*)
      └── tze_hud_config v0.1.0 (*)
    ├ toml_edit v0.25.8+spec-1.1.0
      └── proc-macro-crate v3.5.0
          └── num_enum_derive v0.7.6
              └── num_enum v0.7.6
                  ├── android-activity v0.6.1
                  │   └── winit v0.30.13
                  │       ├── tze_hud_compositor v0.1.0
                  │       │   ├── integration v0.1.0
                  │       │   ├── render_artifacts v0.1.0
                  │       │   ├── tze_hud_runtime v0.1.0
                  │       │   │   ├── benchmark v0.1.0
                  │       │   │   ├── integration v0.1.0 (*)
                  │       │   │   ├── (dev) poc_demo v0.1.0
                  │       │   │   ├── render_artifacts v0.1.0 (*)
                  │       │   │   ├── tze_hud_app v0.1.0
                  │       │   │   └── vertical_slice v0.1.0
                  │       │   └── (dev) vertical_slice v0.1.0 (*)
                  │       └── tze_hud_runtime v0.1.0 (*)
                  └── ndk v0.9.0
                      ├── android-activity v0.6.1 (*)
                      └── winit v0.30.13 (*)

warning[duplicate]: found 3 duplicate entries for crate 'ttf-parser'
    ┌─ /home/orca/orca/projects/tze-hud/.worktrees/parallel-agents/hud-1wizi/Cargo.lock:346:1
    │  
346 │ ╭ ttf-parser 0.20.0 registry+https://github.com/rust-lang/crates.io-index
347 │ │ ttf-parser 0.21.1 registry+https://github.com/rust-lang/crates.io-index
348 │ │ ttf-parser 0.25.1 registry+https://github.com/rust-lang/crates.io-index
    │ ╰───────────────────────────────────────────────────────────────────────┘ lock entries
    │  
    ├ ttf-parser v0.20.0
      └── fontdb v0.16.2
          └── cosmic-text v0.12.1
              └── glyphon v0.8.0
                  └── tze_hud_compositor v0.1.0
                      ├── integration v0.1.0
                      ├── render_artifacts v0.1.0
                      ├── tze_hud_runtime v0.1.0
                      │   ├── benchmark v0.1.0
                      │   ├── integration v0.1.0 (*)
                      │   ├── (dev) poc_demo v0.1.0
                      │   ├── render_artifacts v0.1.0 (*)
                      │   ├── tze_hud_app v0.1.0
                      │   └── vertical_slice v0.1.0
                      └── (dev) vertical_slice v0.1.0 (*)
    ├ ttf-parser v0.21.1
      ├── cosmic-text v0.12.1
      │   └── glyphon v0.8.0
      │       └── tze_hud_compositor v0.1.0
      │           ├── integration v0.1.0
      │           ├── render_artifacts v0.1.0
      │           ├── tze_hud_runtime v0.1.0
      │           │   ├── benchmark v0.1.0
      │           │   ├── integration v0.1.0 (*)
      │           │   ├── (dev) poc_demo v0.1.0
      │           │   ├── render_artifacts v0.1.0 (*)
      │           │   ├── tze_hud_app v0.1.0
      │           │   └── vertical_slice v0.1.0
      │           └── (dev) vertical_slice v0.1.0 (*)
      └── rustybuzz v0.14.1
          └── cosmic-text v0.12.1 (*)
    ├ ttf-parser v0.25.1
      ├── fontdb v0.23.0
      │   └── usvg v0.47.0
      │       └── resvg v0.47.0
      │           └── tze_hud_compositor v0.1.0
      │               ├── integration v0.1.0
      │               ├── render_artifacts v0.1.0
      │               ├── tze_hud_runtime v0.1.0
      │               │   ├── benchmark v0.1.0
      │               │   ├── integration v0.1.0 (*)
      │               │   ├── (dev) poc_demo v0.1.0
      │               │   ├── render_artifacts v0.1.0 (*)
      │               │   ├── tze_hud_app v0.1.0
      │               │   └── vertical_slice v0.1.0
      │               └── (dev) vertical_slice v0.1.0 (*)
      ├── owned_ttf_parser v0.25.1
      │   └── ab_glyph v0.2.32
      │       ├── sctk-adwaita v0.10.1
      │       │   └── winit v0.30.13
      │       │       ├── tze_hud_compositor v0.1.0 (*)
      │       │       └── tze_hud_runtime v0.1.0 (*)
      │       └── tze_hud_compositor v0.1.0 (*)
      ├── rustybuzz v0.20.1
      │   └── usvg v0.47.0 (*)
      ├── tze_hud_resource v0.1.0
      │   ├── integration v0.1.0 (*)
      │   ├── tze_hud_compositor v0.1.0 (*)
      │   ├── tze_hud_protocol v0.1.0
      │   │   ├── integration v0.1.0 (*)
      │   │   ├── poc_demo v0.1.0 (*)
      │   │   ├── (dev) tze_hud_app v0.1.0 (*)
      │   │   ├── tze_hud_projection v0.1.0
      │   │   │   ├── integration v0.1.0 (*)
      │   │   │   ├── tze_hud_mcp v0.1.0
      │   │   │   │   └── tze_hud_runtime v0.1.0 (*)
      │   │   │   └── tze_hud_runtime v0.1.0 (*)
      │   │   ├── (dev) tze_hud_protocol v0.1.0 (*)
      │   │   ├── tze_hud_runtime v0.1.0 (*)
      │   │   ├── vertical_slice v0.1.0 (*)
      │   │   └── widget_publish_load_harness v0.1.0
      │   ├── (dev) tze_hud_resource v0.1.0 (*)
      │   ├── tze_hud_runtime v0.1.0 (*)
      │   └── tze_hud_widget v0.1.0
      │       ├── (dev) tze_hud_compositor v0.1.0 (*)
      │       └── tze_hud_runtime v0.1.0 (*)
      └── usvg v0.47.0 (*)

warning[duplicate]: found 2 duplicate entries for crate 'unicode-bidi-mirroring'
    ┌─ /home/orca/orca/projects/tze-hud/.worktrees/parallel-agents/hud-1wizi/Cargo.lock:364:1
    │  
364 │ ╭ unicode-bidi-mirroring 0.2.0 registry+https://github.com/rust-lang/crates.io-index
365 │ │ unicode-bidi-mirroring 0.4.0 registry+https://github.com/rust-lang/crates.io-index
    │ ╰──────────────────────────────────────────────────────────────────────────────────┘ lock entries
    │  
    ├ unicode-bidi-mirroring v0.2.0
      └── rustybuzz v0.14.1
          └── cosmic-text v0.12.1
              └── glyphon v0.8.0
                  └── tze_hud_compositor v0.1.0
                      ├── integration v0.1.0
                      ├── render_artifacts v0.1.0
                      ├── tze_hud_runtime v0.1.0
                      │   ├── benchmark v0.1.0
                      │   ├── integration v0.1.0 (*)
                      │   ├── (dev) poc_demo v0.1.0
                      │   ├── render_artifacts v0.1.0 (*)
                      │   ├── tze_hud_app v0.1.0
                      │   └── vertical_slice v0.1.0
                      └── (dev) vertical_slice v0.1.0 (*)
    ├ unicode-bidi-mirroring v0.4.0
      └── rustybuzz v0.20.1
          └── usvg v0.47.0
              └── resvg v0.47.0
                  └── tze_hud_compositor v0.1.0
                      ├── integration v0.1.0
                      ├── render_artifacts v0.1.0
                      ├── tze_hud_runtime v0.1.0
                      │   ├── benchmark v0.1.0
                      │   ├── integration v0.1.0 (*)
                      │   ├── (dev) poc_demo v0.1.0
                      │   ├── render_artifacts v0.1.0 (*)
                      │   ├── tze_hud_app v0.1.0
                      │   └── vertical_slice v0.1.0
                      └── (dev) vertical_slice v0.1.0 (*)

warning[duplicate]: found 2 duplicate entries for crate 'unicode-ccc'
    ┌─ /home/orca/orca/projects/tze-hud/.worktrees/parallel-agents/hud-1wizi/Cargo.lock:366:1
    │  
366 │ ╭ unicode-ccc 0.2.0 registry+https://github.com/rust-lang/crates.io-index
367 │ │ unicode-ccc 0.4.0 registry+https://github.com/rust-lang/crates.io-index
    │ ╰───────────────────────────────────────────────────────────────────────┘ lock entries
    │  
    ├ unicode-ccc v0.2.0
      └── rustybuzz v0.14.1
          └── cosmic-text v0.12.1
              └── glyphon v0.8.0
                  └── tze_hud_compositor v0.1.0
                      ├── integration v0.1.0
                      ├── render_artifacts v0.1.0
                      ├── tze_hud_runtime v0.1.0
                      │   ├── benchmark v0.1.0
                      │   ├── integration v0.1.0 (*)
                      │   ├── (dev) poc_demo v0.1.0
                      │   ├── render_artifacts v0.1.0 (*)
                      │   ├── tze_hud_app v0.1.0
                      │   └── vertical_slice v0.1.0
                      └── (dev) vertical_slice v0.1.0 (*)
    ├ unicode-ccc v0.4.0
      └── rustybuzz v0.20.1
          └── usvg v0.47.0
              └── resvg v0.47.0
                  └── tze_hud_compositor v0.1.0
                      ├── integration v0.1.0
                      ├── render_artifacts v0.1.0
                      ├── tze_hud_runtime v0.1.0
                      │   ├── benchmark v0.1.0
                      │   ├── integration v0.1.0 (*)
                      │   ├── (dev) poc_demo v0.1.0
                      │   ├── render_artifacts v0.1.0 (*)
                      │   ├── tze_hud_app v0.1.0
                      │   └── vertical_slice v0.1.0
                      └── (dev) vertical_slice v0.1.0 (*)

warning[duplicate]: found 3 duplicate entries for crate 'windows-sys'
    ┌─ /home/orca/orca/projects/tze-hud/.worktrees/parallel-agents/hud-1wizi/Cargo.lock:417:1
    │  
417 │ ╭ windows-sys 0.52.0 registry+https://github.com/rust-lang/crates.io-index
418 │ │ windows-sys 0.59.0 registry+https://github.com/rust-lang/crates.io-index
419 │ │ windows-sys 0.61.2 registry+https://github.com/rust-lang/crates.io-index
    │ ╰────────────────────────────────────────────────────────────────────────┘ lock entries
    │  
    ├ windows-sys v0.52.0
      ├── socket2 v0.5.10
      │   └── tonic v0.13.1
      │       ├── integration v0.1.0
      │       ├── poc_demo v0.1.0
      │       ├── tze_hud_protocol v0.1.0
      │       │   ├── integration v0.1.0 (*)
      │       │   ├── poc_demo v0.1.0 (*)
      │       │   ├── (dev) tze_hud_app v0.1.0
      │       │   ├── tze_hud_projection v0.1.0
      │       │   │   ├── integration v0.1.0 (*)
      │       │   │   ├── tze_hud_mcp v0.1.0
      │       │   │   │   └── tze_hud_runtime v0.1.0
      │       │   │   │       ├── benchmark v0.1.0
      │       │   │   │       ├── integration v0.1.0 (*)
      │       │   │   │       ├── (dev) poc_demo v0.1.0 (*)
      │       │   │   │       ├── render_artifacts v0.1.0
      │       │   │   │       ├── tze_hud_app v0.1.0 (*)
      │       │   │   │       └── vertical_slice v0.1.0
      │       │   │   └── tze_hud_runtime v0.1.0 (*)
      │       │   ├── (dev) tze_hud_protocol v0.1.0 (*)
      │       │   ├── tze_hud_runtime v0.1.0 (*)
      │       │   ├── vertical_slice v0.1.0 (*)
      │       │   └── widget_publish_load_harness v0.1.0
      │       ├── tze_hud_runtime v0.1.0 (*)
      │       ├── vertical_slice v0.1.0 (*)
      │       └── widget_publish_load_harness v0.1.0 (*)
      └── winit v0.30.13
          ├── tze_hud_compositor v0.1.0
          │   ├── integration v0.1.0 (*)
          │   ├── render_artifacts v0.1.0 (*)
          │   ├── tze_hud_runtime v0.1.0 (*)
          │   └── (dev) vertical_slice v0.1.0 (*)
          └── tze_hud_runtime v0.1.0 (*)
    ├ windows-sys v0.59.0
      ├── rustix v0.38.44
      │   ├── calloop v0.13.0
      │   │   ├── calloop-wayland-source v0.3.0
      │   │   │   └── smithay-client-toolkit v0.19.2
      │   │   │       ├── sctk-adwaita v0.10.1
      │   │   │       │   └── winit v0.30.13
      │   │   │       │       ├── tze_hud_compositor v0.1.0
      │   │   │       │       │   ├── integration v0.1.0
      │   │   │       │       │   ├── render_artifacts v0.1.0
      │   │   │       │       │   ├── tze_hud_runtime v0.1.0
      │   │   │       │       │   │   ├── benchmark v0.1.0
      │   │   │       │       │   │   ├── integration v0.1.0 (*)
      │   │   │       │       │   │   ├── (dev) poc_demo v0.1.0
      │   │   │       │       │   │   ├── render_artifacts v0.1.0 (*)
      │   │   │       │       │   │   ├── tze_hud_app v0.1.0
      │   │   │       │       │   │   └── vertical_slice v0.1.0
      │   │   │       │       │   └── (dev) vertical_slice v0.1.0 (*)
      │   │   │       │       └── tze_hud_runtime v0.1.0 (*)
      │   │   │       └── winit v0.30.13 (*)
      │   │   ├── smithay-client-toolkit v0.19.2 (*)
      │   │   └── winit v0.30.13 (*)
      │   ├── calloop-wayland-source v0.3.0 (*)
      │   ├── smithay-client-toolkit v0.19.2 (*)
      │   └── winit v0.30.13 (*)
      └── winreg v0.55.0
          └── embed-resource v3.0.8
              └── (build) tze_hud_app v0.1.0 (*)
    ├ windows-sys v0.61.2
      ├── errno v0.3.14
      │   ├── rustix v0.38.44
      │   │   ├── calloop v0.13.0
      │   │   │   ├── calloop-wayland-source v0.3.0
      │   │   │   │   └── smithay-client-toolkit v0.19.2
      │   │   │   │       ├── sctk-adwaita v0.10.1
      │   │   │   │       │   └── winit v0.30.13
      │   │   │   │       │       ├── tze_hud_compositor v0.1.0
      │   │   │   │       │       │   ├── integration v0.1.0
      │   │   │   │       │       │   ├── render_artifacts v0.1.0
      │   │   │   │       │       │   ├── tze_hud_runtime v0.1.0
      │   │   │   │       │       │   │   ├── benchmark v0.1.0
      │   │   │   │       │       │   │   ├── integration v0.1.0 (*)
      │   │   │   │       │       │   │   ├── (dev) poc_demo v0.1.0
      │   │   │   │       │       │   │   ├── render_artifacts v0.1.0 (*)
      │   │   │   │       │       │   │   ├── tze_hud_app v0.1.0
      │   │   │   │       │       │   │   └── vertical_slice v0.1.0
      │   │   │   │       │       │   └── (dev) vertical_slice v0.1.0 (*)
      │   │   │   │       │       └── tze_hud_runtime v0.1.0 (*)
      │   │   │   │       └── winit v0.30.13 (*)
      │   │   │   ├── smithay-client-toolkit v0.19.2 (*)
      │   │   │   └── winit v0.30.13 (*)
      │   │   ├── calloop-wayland-source v0.3.0 (*)
      │   │   ├── smithay-client-toolkit v0.19.2 (*)
      │   │   └── winit v0.30.13 (*)
      │   ├── rustix v1.1.4
      │   │   ├── gethostname v1.1.0
      │   │   │   └── x11rb v0.13.2
      │   │   │       └── winit v0.30.13 (*)
      │   │   ├── polling v3.11.0
      │   │   │   └── calloop v0.13.0 (*)
      │   │   ├── tempfile v3.27.0
      │   │   │   ├── proptest v1.11.0
      │   │   │   │   ├── (dev) tze_hud_compositor v0.1.0 (*)
      │   │   │   │   ├── (dev) tze_hud_config v0.1.0
      │   │   │   │   │   ├── integration v0.1.0 (*)
      │   │   │   │   │   ├── (dev) poc_demo v0.1.0 (*)
      │   │   │   │   │   ├── tze_hud_app v0.1.0 (*)
      │   │   │   │   │   ├── tze_hud_projection v0.1.0
      │   │   │   │   │   │   ├── integration v0.1.0 (*)
      │   │   │   │   │   │   ├── tze_hud_mcp v0.1.0
      │   │   │   │   │   │   │   └── tze_hud_runtime v0.1.0 (*)
      │   │   │   │   │   │   └── tze_hud_runtime v0.1.0 (*)
      │   │   │   │   │   ├── tze_hud_runtime v0.1.0 (*)
      │   │   │   │   │   └── vertical_slice v0.1.0 (*)
      │   │   │   │   ├── (dev) tze_hud_input v0.1.0
      │   │   │   │   │   ├── benchmark v0.1.0 (*)
      │   │   │   │   │   ├── integration v0.1.0 (*)
      │   │   │   │   │   ├── tze_hud_compositor v0.1.0 (*)
      │   │   │   │   │   ├── (dev) tze_hud_projection v0.1.0 (*)
      │   │   │   │   │   ├── tze_hud_runtime v0.1.0 (*)
      │   │   │   │   │   └── (dev) vertical_slice v0.1.0 (*)
      │   │   │   │   ├── (dev) tze_hud_projection v0.1.0 (*)
      │   │   │   │   ├── (dev) tze_hud_protocol v0.1.0
      │   │   │   │   │   ├── integration v0.1.0 (*)
      │   │   │   │   │   ├── poc_demo v0.1.0 (*)
      │   │   │   │   │   ├── (dev) tze_hud_app v0.1.0 (*)
      │   │   │   │   │   ├── tze_hud_projection v0.1.0 (*)
      │   │   │   │   │   ├── (dev) tze_hud_protocol v0.1.0 (*)
      │   │   │   │   │   ├── tze_hud_runtime v0.1.0 (*)
      │   │   │   │   │   ├── vertical_slice v0.1.0 (*)
      │   │   │   │   │   └── widget_publish_load_harness v0.1.0
      │   │   │   │   ├── (dev) tze_hud_resource v0.1.0
      │   │   │   │   │   ├── integration v0.1.0 (*)
      │   │   │   │   │   ├── tze_hud_compositor v0.1.0 (*)
      │   │   │   │   │   ├── tze_hud_protocol v0.1.0 (*)
      │   │   │   │   │   ├── (dev) tze_hud_resource v0.1.0 (*)
      │   │   │   │   │   ├── tze_hud_runtime v0.1.0 (*)
      │   │   │   │   │   └── tze_hud_widget v0.1.0
      │   │   │   │   │       ├── (dev) tze_hud_compositor v0.1.0 (*)
      │   │   │   │   │       └── tze_hud_runtime v0.1.0 (*)
      │   │   │   │   └── (dev) tze_hud_scene v0.1.0
      │   │   │   │       ├── benchmark v0.1.0 (*)
      │   │   │   │       ├── integration v0.1.0 (*)
      │   │   │   │       ├── (dev) poc_demo v0.1.0 (*)
      │   │   │   │       ├── render_artifacts v0.1.0 (*)
      │   │   │   │       ├── tze_hud_app v0.1.0 (*)
      │   │   │   │       ├── tze_hud_compositor v0.1.0 (*)
      │   │   │   │       ├── tze_hud_config v0.1.0 (*)
      │   │   │   │       ├── tze_hud_input v0.1.0 (*)
      │   │   │   │       ├── tze_hud_mcp v0.1.0 (*)
      │   │   │   │       ├── (dev) tze_hud_projection v0.1.0 (*)
      │   │   │   │       ├── tze_hud_protocol v0.1.0 (*)
      │   │   │   │       ├── tze_hud_runtime v0.1.0 (*)
      │   │   │   │       ├── (dev) tze_hud_scene v0.1.0 (*)
      │   │   │   │       ├── tze_hud_widget v0.1.0 (*)
      │   │   │   │       └── (dev) vertical_slice v0.1.0 (*)
      │   │   │   ├── prost-build v0.13.5
      │   │   │   │   └── tonic-build v0.13.1
      │   │   │   │       └── (build) tze_hud_protocol v0.1.0 (*)
      │   │   │   ├── rusty-fork v0.3.1
      │   │   │   │   └── proptest v1.11.0 (*)
      │   │   │   ├── (dev) tze_hud_config v0.1.0 (*)
      │   │   │   ├── (dev) tze_hud_protocol v0.1.0 (*)
      │   │   │   ├── (dev) tze_hud_resource v0.1.0 (*)
      │   │   │   ├── (dev) tze_hud_runtime v0.1.0 (*)
      │   │   │   └── (dev) tze_hud_widget v0.1.0 (*)
      │   │   ├── wayland-backend v0.3.14
      │   │   │   ├── calloop-wayland-source v0.3.0 (*)
      │   │   │   ├── smithay-client-toolkit v0.19.2 (*)
      │   │   │   ├── wayland-client v0.31.13
      │   │   │   │   ├── calloop-wayland-source v0.3.0 (*)
      │   │   │   │   ├── smithay-client-toolkit v0.19.2 (*)
      │   │   │   │   ├── wayland-cursor v0.31.13
      │   │   │   │   │   └── smithay-client-toolkit v0.19.2 (*)
      │   │   │   │   ├── wayland-protocols v0.32.11
      │   │   │   │   │   ├── smithay-client-toolkit v0.19.2 (*)
      │   │   │   │   │   ├── wayland-protocols-plasma v0.3.11
      │   │   │   │   │   │   └── winit v0.30.13 (*)
      │   │   │   │   │   ├── wayland-protocols-wlr v0.3.11
      │   │   │   │   │   │   └── smithay-client-toolkit v0.19.2 (*)
      │   │   │   │   │   └── winit v0.30.13 (*)
      │   │   │   │   ├── wayland-protocols-plasma v0.3.11 (*)
      │   │   │   │   ├── wayland-protocols-wlr v0.3.11 (*)
      │   │   │   │   └── winit v0.30.13 (*)
      │   │   │   ├── wayland-csd-frame v0.3.0
      │   │   │   │   └── smithay-client-toolkit v0.19.2 (*)
      │   │   │   ├── wayland-protocols v0.32.11 (*)
      │   │   │   ├── wayland-protocols-plasma v0.3.11 (*)
      │   │   │   ├── wayland-protocols-wlr v0.3.11 (*)
      │   │   │   └── winit v0.30.13 (*)
      │   │   ├── wayland-client v0.31.13 (*)
      │   │   ├── wayland-cursor v0.31.13 (*)
      │   │   └── x11rb v0.13.2 (*)
      │   └── signal-hook-registry v1.4.8
      │       └── tokio v1.50.0
      │           ├── benchmark v0.1.0 (*)
      │           ├── h2 v0.4.19
      │           │   ├── hyper v1.8.1
      │           │   │   ├── hyper-timeout v0.5.2
      │           │   │   │   └── tonic v0.13.1
      │           │   │   │       ├── integration v0.1.0 (*)
      │           │   │   │       ├── poc_demo v0.1.0 (*)
      │           │   │   │       ├── tze_hud_protocol v0.1.0 (*)
      │           │   │   │       ├── tze_hud_runtime v0.1.0 (*)
      │           │   │   │       ├── vertical_slice v0.1.0 (*)
      │           │   │   │       └── widget_publish_load_harness v0.1.0 (*)
      │           │   │   ├── hyper-util v0.1.20
      │           │   │   │   ├── hyper-timeout v0.5.2 (*)
      │           │   │   │   └── tonic v0.13.1 (*)
      │           │   │   └── tonic v0.13.1 (*)
      │           │   ├── integration v0.1.0 (*)
      │           │   └── tonic v0.13.1 (*)
      │           ├── hyper v1.8.1 (*)
      │           ├── hyper-timeout v0.5.2 (*)
      │           ├── hyper-util v0.1.20 (*)
      │           ├── integration v0.1.0 (*)
      │           ├── poc_demo v0.1.0 (*)
      │           ├── render_artifacts v0.1.0 (*)
      │           ├── tokio-stream v0.1.18
      │           │   ├── integration v0.1.0 (*)
      │           │   ├── poc_demo v0.1.0 (*)
      │           │   ├── tonic v0.13.1 (*)
      │           │   ├── (dev) tze_hud_app v0.1.0 (*)
      │           │   ├── tze_hud_protocol v0.1.0 (*)
      │           │   ├── tze_hud_runtime v0.1.0 (*)
      │           │   ├── vertical_slice v0.1.0 (*)
      │           │   └── widget_publish_load_harness v0.1.0 (*)
      │           ├── tokio-util v0.7.18
      │           │   ├── h2 v0.4.19 (*)
      │           │   ├── tokio-stream v0.1.18 (*)
      │           │   └── tower v0.5.3
      │           │       ├── axum v0.8.8
      │           │       │   └── tonic v0.13.1 (*)
      │           │       └── tonic v0.13.1 (*)
      │           ├── tonic v0.13.1 (*)
      │           ├── tower v0.5.3 (*)
      │           ├── tze_hud_app v0.1.0 (*)
      │           ├── (dev) tze_hud_compositor v0.1.0 (*)
      │           ├── (dev) tze_hud_mcp v0.1.0 (*)
      │           ├── tze_hud_protocol v0.1.0 (*)
      │           ├── tze_hud_resource v0.1.0 (*)
      │           ├── (dev) tze_hud_runtime v0.1.0 (*)
      │           ├── vertical_slice v0.1.0 (*)
      │           └── widget_publish_load_harness v0.1.0 (*)
      ├── if-addrs v0.15.0
      │   └── tze_hud_runtime v0.1.0 (*)
      ├── is-terminal v0.4.17
      │   └── criterion v0.5.1
      │       ├── (dev) tze_hud_compositor v0.1.0 (*)
      │       └── (dev) tze_hud_scene v0.1.0 (*)
      ├── mio v1.1.1
      │   └── tokio v1.50.0 (*)
      ├── nu-ansi-term v0.50.3
      │   └── tracing-subscriber v0.3.23
      │       ├── benchmark v0.1.0 (*)
      │       ├── tze_hud_app v0.1.0 (*)
      │       └── (dev) tze_hud_runtime v0.1.0 (*)
      ├── polling v3.11.0 (*)
      ├── rustix v1.1.4 (*)
      ├── socket2 v0.6.3
      │   ├── hyper-util v0.1.20 (*)
      │   └── tokio v1.50.0 (*)
      ├── tempfile v3.27.0 (*)
      ├── tokio v1.50.0 (*)
      └── winapi-util v0.1.11
          ├── same-file v1.0.6
          │   └── walkdir v2.5.0
          │       ├── criterion v0.5.1 (*)
          │       └── (build) jni v0.22.4
          │           └── android-activity v0.6.1
          │               └── winit v0.30.13 (*)
          ├── termcolor v1.4.1
          │   ├── codespan-reporting v0.11.1
          │   │   └── naga v24.0.0
          │   │       ├── wgpu-core v24.0.5
          │   │       │   └── wgpu v24.0.5
          │   │       │       ├── glyphon v0.8.0
          │   │       │       │   └── tze_hud_compositor v0.1.0 (*)
          │   │       │       ├── tze_hud_compositor v0.1.0 (*)
          │   │       │       └── tze_hud_runtime v0.1.0 (*)
          │   │       └── wgpu-hal v24.0.4
          │   │           ├── wgpu v24.0.5 (*)
          │   │           └── wgpu-core v24.0.5 (*)
          │   └── naga v24.0.0 (*)
          └── walkdir v2.5.0 (*)

warning[duplicate]: found 2 duplicate entries for crate 'winnow'
    ┌─ /home/orca/orca/projects/tze-hud/.worktrees/parallel-agents/hud-1wizi/Cargo.lock:430:1
    │  
430 │ ╭ winnow 0.7.15 registry+https://github.com/rust-lang/crates.io-index
431 │ │ winnow 1.0.0 registry+https://github.com/rust-lang/crates.io-index
    │ ╰──────────────────────────────────────────────────────────────────┘ lock entries
    │  
    ├ winnow v0.7.15
      ├── toml v0.9.12+spec-1.1.0
      │   └── embed-resource v3.0.8
      │       └── (build) tze_hud_app v0.1.0
      └── toml_edit v0.22.27
          ├── toml v0.8.23
          │   ├── (dev) tze_hud_app v0.1.0 (*)
          │   ├── tze_hud_config v0.1.0
          │   │   ├── integration v0.1.0
          │   │   ├── (dev) poc_demo v0.1.0
          │   │   ├── tze_hud_app v0.1.0 (*)
          │   │   ├── tze_hud_projection v0.1.0
          │   │   │   ├── integration v0.1.0 (*)
          │   │   │   ├── tze_hud_mcp v0.1.0
          │   │   │   │   └── tze_hud_runtime v0.1.0
          │   │   │   │       ├── benchmark v0.1.0
          │   │   │   │       ├── integration v0.1.0 (*)
          │   │   │   │       ├── (dev) poc_demo v0.1.0 (*)
          │   │   │   │       ├── render_artifacts v0.1.0
          │   │   │   │       ├── tze_hud_app v0.1.0 (*)
          │   │   │   │       └── vertical_slice v0.1.0
          │   │   │   └── tze_hud_runtime v0.1.0 (*)
          │   │   ├── tze_hud_runtime v0.1.0 (*)
          │   │   └── vertical_slice v0.1.0 (*)
          │   ├── tze_hud_protocol v0.1.0
          │   │   ├── integration v0.1.0 (*)
          │   │   ├── poc_demo v0.1.0 (*)
          │   │   ├── (dev) tze_hud_app v0.1.0 (*)
          │   │   ├── tze_hud_projection v0.1.0 (*)
          │   │   ├── (dev) tze_hud_protocol v0.1.0 (*)
          │   │   ├── tze_hud_runtime v0.1.0 (*)
          │   │   ├── vertical_slice v0.1.0 (*)
          │   │   └── widget_publish_load_harness v0.1.0
          │   ├── tze_hud_runtime v0.1.0 (*)
          │   ├── tze_hud_widget v0.1.0
          │   │   ├── (dev) tze_hud_compositor v0.1.0
          │   │   │   ├── integration v0.1.0 (*)
          │   │   │   ├── render_artifacts v0.1.0 (*)
          │   │   │   ├── tze_hud_runtime v0.1.0 (*)
          │   │   │   └── (dev) vertical_slice v0.1.0 (*)
          │   │   └── tze_hud_runtime v0.1.0 (*)
          │   └── widget_publish_load_harness v0.1.0 (*)
          └── tze_hud_config v0.1.0 (*)
    ├ winnow v1.0.0
      ├── toml_edit v0.25.8+spec-1.1.0
      │   └── proc-macro-crate v3.5.0
      │       └── num_enum_derive v0.7.6
      │           └── num_enum v0.7.6
      │               ├── android-activity v0.6.1
      │               │   └── winit v0.30.13
      │               │       ├── tze_hud_compositor v0.1.0
      │               │       │   ├── integration v0.1.0
      │               │       │   ├── render_artifacts v0.1.0
      │               │       │   ├── tze_hud_runtime v0.1.0
      │               │       │   │   ├── benchmark v0.1.0
      │               │       │   │   ├── integration v0.1.0 (*)
      │               │       │   │   ├── (dev) poc_demo v0.1.0
      │               │       │   │   ├── render_artifacts v0.1.0 (*)
      │               │       │   │   ├── tze_hud_app v0.1.0
      │               │       │   │   └── vertical_slice v0.1.0
      │               │       │   └── (dev) vertical_slice v0.1.0 (*)
      │               │       └── tze_hud_runtime v0.1.0 (*)
      │               └── ndk v0.9.0
      │                   ├── android-activity v0.6.1 (*)
      │                   └── winit v0.30.13 (*)
      └── toml_parser v1.1.2+spec-1.1.0
          ├── toml v0.9.12+spec-1.1.0
          │   └── embed-resource v3.0.8
          │       └── (build) tze_hud_app v0.1.0 (*)
          └── toml_edit v0.25.8+spec-1.1.0 (*)

advisories ok, bans ok, licenses ok, sources ok
cargo machete
Analyzing dependencies of crates in this directory...
cargo-machete didn't find any unused dependencies in this directory. Good job!
Done!
cargo metadata --format-version 1 --no-deps | python3 scripts/ci/check_dev_mode_defaults.py
PASS: dev-mode is not enabled by default for tze_hud_app (shipped binary)
PASS: dev-mode is not enabled by default for benchmark
SKIP: integration has no lib/bin target (tests only)
PASS: dev-mode is not enabled by default for poc_demo
PASS: dev-mode is not enabled by default for render_artifacts
PASS: dev-mode is not enabled by default for tze_hud_compositor
PASS: dev-mode is not enabled by default for tze_hud_config
PASS: dev-mode is not enabled by default for tze_hud_input
PASS: dev-mode is not enabled by default for tze_hud_mcp
PASS: dev-mode is not enabled by default for tze_hud_projection
PASS: dev-mode is not enabled by default for tze_hud_protocol
PASS: dev-mode is not enabled by default for tze_hud_resource
PASS: dev-mode is not enabled by default for tze_hud_runtime
PASS: dev-mode is not enabled by default for tze_hud_scene
PASS: dev-mode is not enabled by default for tze_hud_telemetry
PASS: dev-mode is not enabled by default for tze_hud_widget
PASS: dev-mode is not enabled by default for vertical_slice
PASS: dev-mode is not enabled by default for widget_publish_load_harness
python3 scripts/ci/test_check_idle_efficiency.py
.........
----------------------------------------------------------------------
Ran 9 tests in 0.000s

OK
python3 scripts/ci/test_run_quiescent_efficiency_script.py
...
----------------------------------------------------------------------
Ran 3 tests in 0.000s

OK
if [ -f /usr/share/vulkan/icd.d/lvp_icd.json ]; then export VK_ICD_FILENAMES=/usr/share/vulkan/icd.d/lvp_icd.json; fi; HEADLESS_FORCE_SOFTWARE=1 TZE_HUD_REQUIRE_GPU=1 cargo test --workspace --all-targets --exclude integration
   Compiling tze_hud_runtime v0.1.0 (/home/orca/orca/projects/tze-hud/.worktrees/parallel-agents/hud-1wizi/crates/tze_hud_runtime)
   Compiling tze_hud_app v0.1.0 (/home/orca/orca/projects/tze-hud/.worktrees/parallel-agents/hud-1wizi/app/tze_hud_app)
   Compiling render_artifacts v0.1.0 (/home/orca/orca/projects/tze-hud/.worktrees/parallel-agents/hud-1wizi/examples/render_artifacts)
   Compiling poc_demo v0.1.0 (/home/orca/orca/projects/tze-hud/.worktrees/parallel-agents/hud-1wizi/examples/poc_demo)
   Compiling benchmark v0.1.0 (/home/orca/orca/projects/tze-hud/.worktrees/parallel-agents/hud-1wizi/examples/benchmark)
   Compiling vertical_slice v0.1.0 (/home/orca/orca/projects/tze-hud/.worktrees/parallel-agents/hud-1wizi/examples/vertical_slice)
    Finished `test` profile [unoptimized + debuginfo] target(s) in 1m 43s
     Running unittests src/main.rs (/home/orca/orca/projects/tze-hud/target/debug/deps/benchmark-f989a01612bb29ee)

running 7 tests
test tests::test_gpu_calibration_result_serializes ... ok
test tests::constrained_cpu_list_counts_ranges_and_singletons ... ok
test tests::test_upload_calibration_result_serializes ... ok
test tests::test_scenario_result_contains_session_summary ... ok
test tests::constrained_profile_is_explicitly_a_non_device_proxy ... ok
test tests::test_benchmark_output_serializes_round_trip ... ok
test cpu_calibration::tests::calibrate_reports_a_clamped_positive_speed_factor ... ok

test result: ok. 7 passed; 0 failed; 0 ignored; 0 measured; 0 filtered out; finished in 0.04s

     Running unittests src/token_footprint_calibration.rs (/home/orca/orca/projects/tze-hud/target/debug/deps/token_footprint_calibration-a36739373688cda4)

running 0 tests

test result: ok. 0 passed; 0 failed; 0 ignored; 0 measured; 0 filtered out; finished in 0.00s

     Running unittests src/lib.rs (/home/orca/orca/projects/tze-hud/target/debug/deps/poc_demo-bc2301ff9d40896d)

running 1 test
test tests::credential_files_hold_a_bare_psk_or_a_pair_reply ... ok

test result: ok. 1 passed; 0 failed; 0 ignored; 0 measured; 0 filtered out; finished in 0.00s

     Running unittests src/main.rs (/home/orca/orca/projects/tze-hud/target/debug/deps/poc_demo-8bd8a100a2d30ddb)

running 0 tests

test result: ok. 0 passed; 0 failed; 0 ignored; 0 measured; 0 filtered out; finished in 0.00s

     Running tests/smoke.rs (/home/orca/orca/projects/tze-hud/target/debug/deps/smoke-721db6d9c428b762)

running 3 tests
test zones_and_widgets_run_against_the_shipped_config ... ok
test tile_stage_ends_on_viewer_dismiss_at_any_point_and_clears_otherwise ... ok
test snapshot_counts_a_held_tile_and_not_a_cleared_one ... ok

test result: ok. 3 passed; 0 failed; 0 ignored; 0 measured; 0 filtered out; finished in 3.45s

     Running unittests src/lib.rs (/home/orca/orca/projects/tze-hud/target/debug/deps/render_artifacts-b5c405f93f8673c3)

running 18 tests
test vertical_flow_proof::tests::fixture_atomically_materializes_three_markdown_flow_children ... ok
test vertical_flow_proof::tests::resolved_background_rects_do_not_overlap ... ok
test vertical_flow_proof::tests::non_clear_wrong_y_region_fails_even_when_the_old_point_is_clear ... ok
test vertical_flow_proof::tests::software_renderer_cannot_be_relabelled_as_reference_gpu_evidence ... ok
test vertical_flow_proof::tests::wrong_reference_tag_fails_with_dedicated_check ... ok
test vertical_flow_proof::tests::overlapping_bands_fail_closed ... ok
test vertical_flow_proof::tests::absent_samples_fail_closed ... ok
test vertical_flow_proof::tests::surface_mismatch_fails_closed ... ok
test vertical_flow_proof::tests::child_identity_cannot_be_swapped_in_an_otherwise_passing_artifact ... ok
test vertical_flow_proof::tests::glyph_outside_its_background_fails_closed ... ok
test vertical_flow_proof::tests::missing_reference_tag_fails_closed ... ok
test vertical_flow_proof::tests::complete_evidence_passes ... ok
test vertical_flow_proof::tests::any_non_clear_pixel_in_a_gap_fails_closed ... ok
test vertical_flow_proof::tests::unequal_runtime_surface_and_render_fail_with_dedicated_check ... ok
test vertical_flow_proof::tests::rgba_buffer_length_must_equal_render_width_times_height_times_four ... ok
test vertical_flow_proof::tests::unequal_display_and_render_surfaces_fail_with_dedicated_check ... ok
test vertical_flow_proof::tests::pixel_observer_extracts_background_gap_sentinel_and_glyph_evidence ... ok
test vertical_flow_proof::tests::pixel_observer_reports_glyph_pixels_outside_their_background ... ok

test result: ok. 18 passed; 0 failed; 0 ignored; 0 measured; 0 filtered out; finished in 0.33s

     Running unittests src/bin/cooperative_projection_readback.rs (/home/orca/orca/projects/tze-hud/target/debug/deps/cooperative_projection_readback-64d6fc32a8ce716c)

running 0 tests

test result: ok. 0 passed; 0 failed; 0 ignored; 0 measured; 0 filtered out; finished in 0.00s

     Running unittests src/bin/vertical_flow_readback.rs (/home/orca/orca/projects/tze-hud/target/debug/deps/vertical_flow_readback-728d1b7eda5de00c)

running 1 test
test tests::parses_complete_reference_hardware_contract ... ok

test result: ok. 1 passed; 0 failed; 0 ignored; 0 measured; 0 filtered out; finished in 0.00s

     Running unittests src/main.rs (/home/orca/orca/projects/tze-hud/target/debug/deps/tze_hud-4964838d678a03b2)

running 13 tests
test tests::ignore_console_ctrl_c_is_a_callable_noop_off_windows ... ok
test tests::startup_security_mode_debug_without_override_is_strict ... ok
test tests::attach_parent_console_is_a_callable_noop_off_windows ... ok
test tests::startup_security_mode_release_ignores_override_and_is_strict ... ok
test tests::startup_security_mode_debug_with_override_is_dev_insecure ... ok
test tests::render_attach_info_block_disabled_mcp_omits_snippet ... ok
test tests::render_attach_info_block_has_sections ... ok
test tests::parse_options_accepts ... ok
test tests::parse_options_rejects ... ok
test tests::validate_config_toml_for_startup_rejects_invalid_toml ... ok
test tests::validate_config_toml_for_startup_rejects_validation_errors ... ok
test tests::validate_config_toml_for_startup_accepts_minimal_valid_config ... ok
test tests::default_config_is_valid_and_has_no_agents_table ... ok

test result: ok. 13 passed; 0 failed; 0 ignored; 0 measured; 0 filtered out; finished in 0.01s

     Running tests/benchmark_config_schema.rs (/home/orca/orca/projects/tze-hud/target/debug/deps/benchmark_config_schema-a1fd5bcddf0fef4f)

running 2 tests
test benchmark_config_matches_loader_schema ... ok
test benchmark_config_boot_registers_widgets_for_live_publish ... ok

test result: ok. 2 passed; 0 failed; 0 ignored; 0 measured; 0 filtered out; finished in 0.20s

     Running tests/canonical_config_schema.rs (/home/orca/orca/projects/tze-hud/target/debug/deps/canonical_config_schema-f52c36b4a1352803)

running 1 test
test canonical_app_production_toml_matches_loader_schema ... ok

test result: ok. 1 passed; 0 failed; 0 ignored; 0 measured; 0 filtered out; finished in 0.00s

     Running tests/production_boot.rs (/home/orca/orca/projects/tze-hud/target/debug/deps/production_boot-18b86dddfeb83dcb)

running 3 tests
test canonical_app_production_config_boot_succeeds ... ok
test production_config_boots_with_builtin_widget_bundles ... ok
test production_config_rejects_unpaired_psk ... ok

test result: ok. 3 passed; 0 failed; 0 ignored; 0 measured; 0 filtered out; finished in 0.20s

     Running unittests src/lib.rs (/home/orca/orca/projects/tze-hud/target/debug/deps/tze_hud_compositor-8b11e1a38e8de5b2)

running 591 tests
test display::tests::offset_target_maps_its_own_corners_to_ndc_corners ... ok
test display::tests::primary_target_maps_canvas_ndc_unchanged ... ok
test fonts::tests::system_lookup_is_noop_off_windows ... ok
test display::tests::display_names_match_with_or_without_device_prefix ... ok
test markdown::tests::backtick_memo_inline_code_semantic_correctness ... ok
test markdown::tests::backtick_memo_double_tick_span_correctness ... ok
test markdown::tests::bold_italic_renders_both ... ok
test markdown::tests::bold_italic_weight_comes_from_token ... ok
test markdown::tests::bold_weight_comes_from_token ... ok
test markdown::tests::backtick_memo_multiple_spans_on_one_line ... ok
test markdown::tests::code_background_token_applied_to_inline_code ... ok
test display::tests::unassigned_disconnected_or_primary_zones_stay_on_primary ... ok
test display::tests::zone_on_connected_secondary_resolves_there ... ok
test markdown::tests::code_panel_spans_emitted_for_inline_code ... ok
test markdown::tests::code_panel_spans_emitted_for_fenced_block ... ok
test markdown::tests::cache_miss_before_prime ... ok
test fonts::tests::registry_value_names_match_family_and_styles_only ... ok
test markdown::tests::code_color_takes_priority_over_code_background ... ok
test fonts::tests::token_map_config_normalizes_defaults_and_keywords ... ok
test markdown::tests::cache_hit_after_prime ... ok
test markdown::tests::empty_input_produces_empty_output ... ok
test markdown::tests::different_content_different_cache_entries ... ok
test markdown::tests::emphasis_renders_italic ... ok
test markdown::tests::empty_token_map_gives_defaults ... ok
test markdown::tests::fenced_code_block_body_is_monospace ... ok
test markdown::tests::excluded_constructs_render_literally ... ok
test markdown::tests::default_markdown_block_spacing_is_compact_for_streamed_transcripts ... ok
test markdown::tests::heading_h1_stripped_and_styled ... ok
test markdown::tests::generic_scope_never_receives_portal_preferences ... ok
test markdown::tests::heading_h5_scale_one_is_none ... ok
test markdown::tests::heading_top_margin_emits_blank_line_before_heading ... ok
test markdown::tests::headings_h1_through_h6_have_correct_weights ... ok
test markdown::tests::indented_code_block_is_monospace ... ok
test markdown::tests::inline_code_uses_monospace ... ok
test markdown::tests::heading_size_scale_applied ... ok
test markdown::tests::heading_scale_from_custom_token_map ... ok
test markdown::tests::is_thematic_break_recognizes_valid_markers ... ok
test markdown::tests::list_items_produce_hanging_indent_metadata ... ok
test markdown::tests::mixed_content_spans_cover_plain_text ... ok
test markdown::tests::multibyte_utf8_content_valid_boundaries ... ok
test markdown::tests::evict_removes_stale_entries ... ok
test markdown::tests::link_not_navigable_no_url_in_output ... ok
test markdown::tests::link_renders_text_not_url ... ok
test markdown::tests::multiple_thematic_breaks_recorded_in_order ... ok
test markdown::tests::parse_hex_color_formats ... ok
test markdown::tests::paren_table_nested_parens_in_url ... ok
test markdown::tests::ordered_list_items_preserve_ordinal ... ok
test markdown::tests::ordered_list_items_produce_hanging_indent_metadata ... ok
test markdown::tests::ordered_list_paren_delimiter_preserves_ordinal ... ok
test markdown::tests::paren_table_multiple_links_on_one_line ... ok
test markdown::tests::link_styled_with_token_color ... ok
test markdown::tests::no_code_panels_without_code_background_token ... ok
test markdown::tests::parsed_markdown_carries_line_height_multiplier ... ok
test markdown::tests::portal_transcript_profile_swap_reskins_markdown_tokens ... ok
test markdown::tests::portal_transcript_unset_leaves_defaults ... ok
test markdown::tests::portal_transcript_keys_win_over_generic ... ok
test markdown::tests::portal_transcript_falls_back_to_generic_when_portal_unset ... ok
test markdown::tests::plain_text_passes_through ... ok
test markdown::tests::same_content_two_token_sets_do_not_collide_in_cache ... ok
test markdown::tests::primer_small_payload_swaps_in_synchronously ... ok
test markdown::tests::large_payload_65535_bytes_primes_without_panic ... ok
test markdown::tests::primer_stale_publish_does_not_clobber_newer ... ok
test markdown::tests::primer_evicts_dead_entries_on_reprime ... ok
test markdown::tests::primer_reset_clears_snapshot ... ok
test markdown::tests::paren_table_link_semantic_correctness ... ok
test markdown::tests::separator_tokens_resolve_from_map ... ok
test fonts::tests::configured_bundled_name_resolves_case_insensitively ... ok
test fonts::tests::missing_fonts_dir_is_not_fatal ... ok
test fonts::tests::bundled_fonts_load_exactly_the_embedded_faces ... ok
test fonts::tests::fonts_dir_family_is_loaded_and_selected ... ok
test markdown::tests::token_defaults_are_canonical ... ok
test markdown::tests::token_heading_margins_parse ... ok
test markdown::tests::token_line_height_multiplier_clamped ... ok
test markdown::tests::thematic_break_recorded_with_separator_token ... ok
test markdown::tests::token_list_item_spacing_parses ... ok
test fonts::tests::roles_default_to_ibm_plex_and_dejavu_serif ... ok
test markdown::tests::strong_renders_bold ... ok
test markdown::tests::thematic_break_ignored_without_separator_token ... ok
test fonts::tests::missing_family_falls_back_to_role_default ... ok
test markdown::tests::token_line_height_multiplier_parses ... ok
test markdown::tests::token_map_bold_weight_parsed ... ok
test markdown::tests::token_map_code_background_parsed ... ok
test markdown::tests::token_map_link_color_override ... ok
test markdown::tests::token_map_heading_weight_overrides ... ok
test overflow::tests::fallback_noop_below_bound ... ok
test markdown::tests::unordered_list_still_uses_bullet_after_fix ... ok
test markdown::tests::unordered_list_items_have_bullet ... ok
test overflow::tests::fallback_single_giant_line_unwindowed ... ok
test fonts::tests::plex_weights_resolve_to_distinct_faces ... ok
test overflow::tests::max_whole_lines_cases ... ok
test fonts::tests::symbols_missing_from_plex_fall_back_to_dejavu ... ok
test overflow::tests::fallback_window_is_bounded_by_viewport ... ok
test markdown::tests::primer_large_payload_swaps_in_off_thread ... ok
test markdown::tests::primer_lands_large_payload_after_many_prior_dispatches ... ok
test markdown::tests::adversarial_floods_stay_within_budget ... ok
test markdown::tests::primer_reader_never_sees_torn_state ... ok
test markdown::tests::adversarial_inputs_terminate_and_preserve_content ... ok
test overflow::tests::empty_text_no_truncation ... ok
test overflow::tests::multiline_beyond_height_is_truncated ... ok
test overflow::tests::follow_tail_advances_by_whole_lines ... ok
test overflow::tests::long_unbroken_token_w30_in_200px_has_visible_prefix ... ok
test overflow::tests::append_stability_truncation_prefix_unchanged ... ok
test overflow::tests::run_logical_start_returns_min_not_first ... ok
test overflow::tests::non_final_line_horizontal_overflow_triggers_truncation ... ok
test overflow::tests::grapheme_cluster_boundary_not_split_mid_cluster ... ok
test overflow::tests::mixed_bidi_ltr_rtl_no_corruption ... ok
test overflow::tests::head_anchored_append_stability_matches_prefix_truncation ... ok
test overflow::tests::middle_line_overflow_truncated_at_correct_position ... ok
test overflow::tests::ltr_truncation_unaffected_by_rtl_fix ... ok
test overflow::tests::tail_anchored_short_text_fits_unchanged ... ok
test overflow::tests::rtl_arabic_truncation_no_leading_byte_drop ... ok
test overflow::tests::single_long_word_truncated_at_grapheme_boundary ... ok
test overflow::tests::tail_anchored_max_lines_one_shows_newest_with_leading_ellipsis ... ok
test overflow::tests::truncated_text_ends_with_ellipsis ... ok
test renderer::capture::tests::only_8_bit_four_channel_formats_are_capturable ... ok
test renderer::capture::tests::size_limits_bound_dimensions_and_total_pixels ... ok
test overflow::tests::tail_anchored_degenerate_inputs_produce_empty ... ok
test renderer::capture::tests::unpad_drops_row_padding_and_swizzles_bgra ... ok
test renderer::draw_cmds::tests::common_prefix_len_basic_and_char_boundary ... ok
test renderer::draw_cmds::tests::derive_word_breakpoints_only_covers_region_after_start ... ok
test renderer::draw_cmds::tests::derive_word_breakpoints_splits_on_whitespace_and_ends_at_len ... ok
test renderer::draw_cmds::tests::eased_opacity_shares_endpoints_but_curves_the_middle ... ok
test renderer::draw_cmds::tests::opacity_at_interpolates_between_endpoints ... ok
test renderer::draw_cmds::tests::opacity_at_respects_from_and_target ... ok
test renderer::draw_cmds::tests::portal_reveal_leading_segment_fades_others_snap ... ok
test renderer::draw_cmds::tests::portal_reveal_progress_increases_leading_alpha_then_completes ... ok
test renderer::draw_cmds::tests::portal_reveal_settled_is_not_revealing_and_fully_opaque ... ok
test renderer::draw_cmds::tests::zero_duration_reports_complete_and_target_opacity ... ok
test renderer::draw_cmds::tests::stream_reveal_is_revealing_tracks_progress ... ok
test renderer::easing::tests::ease_out_quad_decelerates ... ok
test renderer::easing::tests::ease_in_out_is_symmetric_half ... ok
test renderer::easing::tests::easing_clamps_out_of_range ... ok
test renderer::easing::tests::easing_fixed_endpoints ... ok
test renderer::easing::tests::easing_is_monotonic_non_decreasing ... ok
test renderer::easing::tests::lerp_endpoints_and_mid ... ok
test renderer::easing::tests::scroll_smoother_converges_to_target ... ok
test renderer::easing::tests::scroll_smoother_is_settled_tracks_inflight_state ... ok
test renderer::easing::tests::scroll_smoother_frame_rate_independent ... ok
test renderer::easing::tests::scroll_smoother_monotonic_approach ... ok
test renderer::easing::tests::scroll_smoother_starts_settled ... ok
test renderer::easing::tests::scroll_smoother_snaps_within_epsilon ... ok
test renderer::easing::tests::smooth_factor_endpoints ... ok
test renderer::easing::tests::smooth_factor_monotonic_in_dt ... ok
test renderer::easing::tests::stream_fade_eased_is_ahead_of_linear_midway ... ok
test renderer::easing::tests::stream_fade_ramps_zero_to_one ... ok
test renderer::easing::tests::stream_fade_saturates_after_window ... ok
test renderer::easing::tests::stream_fade_zero_window_is_full ... ok
test renderer::encode_pass::degradation_flat_alpha_tests::significant_policy_forces_visible_flat_geometry_opaque_but_preserves_clear ... ok
test renderer::image_cache::degradation_texture_tests::current_frame_references_are_never_eviction_candidates ... ok
test renderer::image_cache::degradation_texture_tests::nearest_downsample_is_deterministic_and_preserves_rgba_pixels ... ok
test renderer::retained::tests::device_recovery_invalidates_the_private_snapshot ... ok
test overflow::tests::tail_anchored_non_final_line_horizontal_overflow_triggers_truncation ... ok
test renderer::easing::tests::smooth_factor_non_positive_tau_snaps ... ok
test overflow::tests::short_text_fits_unchanged ... ok
test renderer::safe_mode_overlay::tests::windowed_frame_draws_chrome_overlay_in_safe_mode ... ok
test renderer::retained::tests::new_observation_clears_prior_frame_work_counts ... ok
test renderer::retained::tests::dynamic_drag_handle_state_fails_closed_before_retained_planning ... ok
test renderer::system_card::tests::system_card_toast_anchors_bottom_centre ... ok
test renderer::tests::alert_banner::test_alert_banner_backdrop_spans_full_display_width ... ok
test renderer::retained::tests::markdown_bearing_text_fails_closed_before_retained_planning ... ok
test renderer::system_card::tests::system_card_pairing_layout_is_centred_with_code_line ... ok
test overflow::tests::truncated_text_is_shorter ... ok
test renderer::tests::composer::caret_blink_phase_square_wave ... ok
test renderer::system_card::tests::system_card_text_items_follow_tokens ... ok
test renderer::tests::composer::caret_follow_advances_when_typing_past_width ... ok
test renderer::tests::composer::caret_follow_degenerate_inputs_are_safe ... ok
test overflow::tests::zero_width_produces_empty ... ok
test overflow::tests::truncated_text_remeasures_within_width ... ok
test renderer::tests::composer::caret_follow_end_shows_tail ... ok
test renderer::tests::composer::caret_follow_delete_scrolls_back_no_dead_space ... ok
test renderer::tests::composer::caret_follow_home_resets_to_zero ... ok
test renderer::tests::composer::caret_follow_mid_text_stays_visible ... ok
test renderer::tests::composer::caret_follow_moving_left_reveals_earlier_text ... ok
test renderer::tests::composer::caret_follow_no_scroll_when_text_fits ... ok
test renderer::tests::composer::caret_follow_offset_always_bounded ... ok
test renderer::tests::composer::caret_stays_within_short_composer_pane ... ok
test renderer::tests::composer::composer_anchor_token_resolves ... ok
test renderer::tests::composer::composer_content_inset_token_drives_box_geometry ... ok
test renderer::tests::alert_banner::test_alert_banner_stacks_by_severity_then_recency ... ok
test overflow::tests::non_finite_geometry_produces_empty_no_panic ... ok
test renderer::tests::composer::composer_region_fit_lines_computes_capacity ... ok
test renderer::tests::alert_banner::test_alert_banner_zone_height_grows_with_active_count ... ok
test renderer::tests::alert_banner::test_alert_banner_zero_height_when_inactive ... ok
test renderer::tests::composer::input_history_band_layout_places_history_below_a_top_anchored_composer ... ok
test renderer::tests::composer::composer_caret_quad_emitted_at_expected_position ... ok
test renderer::tests::composer::input_history_block_top_slides_with_scroll_offset ... ok
test renderer::tests::composer::local_composer_state_handle_slot_semantics ... ok
test renderer::tests::composer::composer_draft_overflow_is_clipped_to_box_headless ... ok
test renderer::tests::composer::multiline_default_layout_is_single_line ... ok
test renderer::tests::composer::multiline_input_box_clamped_to_region ... ok
test renderer::tests::composer::multiline_input_box_grows_upward_pinned_bottom ... ok
test renderer::tests::composer::multiline_max_lines_token_default_and_clamp ... ok
test renderer::tests::composer::multiline_vertical_offset_bounded_and_shrinks_back ... ok
test renderer::tests::composer::multiline_vertical_offset_keeps_caret_line_visible ... ok
test renderer::tests::composer::multiline_vertical_offset_moving_up_reveals_earlier_lines ... ok
test renderer::tests::composer::multiline_visible_line_count_grows_then_caps ... ok
test renderer::tests::composer::portal_divider_canonical_tokens_reach_markdown_tokens ... ok
test renderer::tests::composer::separator_rects_degenerate_inputs_are_empty ... ok
test renderer::tests::composer::separator_rects_placed_on_break_lines ... ok
test renderer::tests::composer::composer_draft_text_never_contains_caret_glyph ... ok
test renderer::tests::composer::tile_spacing_tokens_resolve_default_override_and_reject ... ok
test renderer::tests::composer::composer_echo_confined_to_bottom_strip_full_tile_hitregion ... ok
test renderer::tests::composer::top_anchored_input_box_pins_to_region_top_and_grows_down ... ok
test renderer::tests::composer::composer_placeholder_renders_only_when_draft_empty ... ok
test renderer::tests::composer::viewer_echo_divider_rects_between_adjacent_entries ... ok
test renderer::tests::composer::viewer_echo_divider_rects_clips_and_degenerate ... ok
test renderer::tests::composer::composer_selection_styled_run_uses_raw_byte_offsets ... ok
test renderer::tests::composer::composer_wrapped_draft_stays_in_short_pane_headless ... ok
test renderer::tests::composer::input_history_block_honors_tile_scroll_offset ... ok
test overflow::tests::proptest_tail_anchored_truncated_starts_with_ellipsis ... ok
test renderer::tests::composer::local_composer_text_item_uses_hit_region_bounds ... ok
test overflow::tests::proptest_tail_anchored_last_line_always_visible ... ok
test overflow::tests::proptest_truncated_result_fits_within_bounds ... ok
test overflow::tests::proptest_grapheme_fallback_valid_utf8_boundary ... ok
test overflow::tests::proptest_tail_anchored_grapheme_cluster_integrity ... ok
test overflow::tests::proptest_truncated_always_ends_with_ellipsis ... ok
test overflow::tests::proptest_tail_anchored_result_shorter_when_truncated ... ok
test overflow::tests::proptest_tail_anchored_line_count_fits_within_max_lines ... ok
test renderer::tests::composer::single_line_composer_publishes_visual_layout ... ok
test renderer::tests::hit_drag::drag_z_order_boost_raises_tile_above_peers ... ok
test overflow::tests::proptest_tail_anchored_rtl_bidi_logical_offset ... ok
test renderer::tests::composer::top_anchored_empty_caret_sits_at_pane_origin_no_teleport ... ok
test renderer::tests::composer::transcript_divider_rects_track_tile_scroll_offset ... ok
test overflow::tests::proptest_whole_line_visibility_no_partial_lines ... ok
test renderer::tests::focus_chrome::orphaned_tile_emits_disconnection_badge_draw_cmd ... ok
test renderer::tests::focus_chrome::system_card_emits_draw_cmds_only_while_set ... ok
test renderer::tests::focus_chrome::test_composerless_node_focus_emits_ring ... ok
test renderer::tests::focus_chrome::test_focus_ring_suppressed_on_non_active_tab ... ok
test renderer::tests::focus_chrome::test_focused_hit_region_emits_focus_ring_in_overlay_mode ... ok
test renderer::tests::focus_chrome::test_portal_tile_emits_resize_grip_in_overlay_mode ... ok
test renderer::tests::focus_chrome::test_resize_grip_swaps_to_hover_color_for_hovered_tile ... ok
test overflow::tests::windowed_fallback_matches_full_input_on_large_transcript ... ok
test renderer::tests::focus_chrome::test_tile_level_focus_owner_emits_ring_in_overlay_mode ... ok
test renderer::tests::hit_drag::drag_handle_hit_test_wins_on_passthrough_tile ... ok
test renderer::tests::idle_gate::static_focus_and_resize_grip_transitions_each_dirty_exactly_once ... ok
test renderer::tests::hit_drag::drag_handle_opacity_switches_to_active_on_hover_state ... ok
test renderer::tests::hit_drag::drag_handle_regions_cover_visible_tile_zone_and_widget ... ok
test renderer::tests::markdown_cache::markdown_cache_compute_key_is_deterministic_and_content_addressed ... ok
test renderer::tests::markdown_cache::markdown_cache_miss_fallback_is_non_lossy ... ok
test renderer::tests::markdown_cache::portal_markdown_node_ids_scopes_by_scroll_config ... ok
test renderer::tests::hit_drag::drag_handle_states_stale_entries_pruned_on_repopulate ... ok
test renderer::tests::hit_drag::drag_visual_feedback_applied_during_active_drag ... ok
test renderer::tests::hit_drag::portal_frame_gets_full_width_header_band_handle ... ok
test renderer::tests::hit_drag::portal_resize_scales_and_clamps_text_font ... ok
test renderer::tests::hit_drag::tile_close_button_draw_and_hit_region_share_token_geometry ... ok
test renderer::tests::hit_drag::zone_hit_dismiss_region_at_top_right_of_slot ... ok
test renderer::tests::hit_drag::zone_hit_notification_with_two_actions_produces_three_regions ... ok
test renderer::tests::hit_drag::zone_hit_populate_clears_on_repeated_calls ... ok
test renderer::tests::notification_layout::test_notification_body_font_size_token ... ok
test renderer::tests::notification_layout::test_notification_slot_height_two_line_exceeds_single_line ... ok
test renderer::tests::hit_drag::zone_hit_single_notification_produces_dismiss_region ... ok
test renderer::tests::hit_drag::zone_hit_tab_order_is_sequential ... ok
test renderer::tests::notification_layout::test_notification_text_primary_color_token ... ok
test renderer::tests::idle_gate::caret_blink_wakes_at_toggle_not_every_frame ... ok
test renderer::tests::idle_gate::hold_moves_the_fade_deadline_and_ttl_zero_never_fades ... ok
test renderer::tests::notification_layout::test_pub_anim_state_before_ttl_expiry_opacity_is_1 ... ok
test renderer::tests::notification_layout::test_pub_anim_state_custom_ttl_3000ms_triggers_fade ... ok
test renderer::tests::notification_layout::test_pub_anim_state_is_complete_after_150ms ... ok
test renderer::tests::notification_layout::test_pub_anim_state_opacity_at_75ms_midpoint_is_half ... ok
test renderer::tests::idle_gate::idle_render_gate_renders_for_composer_echo_and_caret_blink ... ok
test renderer::tests::notification_layout::test_simultaneous_independent_fades ... ok
test renderer::tests::idle_gate::idle_render_gate_skips_static_scene_renders_on_change_or_animation ... ok
test renderer::tests::idle_gate::idle_with_notification_renders_only_at_fade ... ok
test renderer::tests::idle_gate::notification_countdown_is_not_inflight_animation ... ok
test renderer::tests::markdown_cache::load_font_bytes_new_font_resets_truncation_cache_scene_version ... ok
test renderer::tests::notification_layout::test_update_publication_animations_seeds_fresh_state ... ok
test renderer::tests::markdown_cache::prime_truncation_cache_is_commit_primed_before_render_frame_headless ... ok
test renderer::tests::markdown_cache::render_frame_headless_is_parse_free_after_commit_time_prime ... ok
test renderer::tests::markdown_cache::resize_reprime_cadence_defers_inside_interval_then_primes_settled_geometry ... ok
test renderer::tests::notification_layout::test_dismiss_button_respects_typography_tokens ... ok
test renderer::tests::portal_reveal::portal_part_index_classifies_parts_and_falls_back ... ok
test renderer::tests::portal_reveal::portal_part_index_none_when_no_materialized_nodes ... ok
test renderer::tests::notification_layout::test_dismiss_button_uses_default_font_size_and_weight ... ok
test renderer::tests::notification_layout::test_notification_stack_adds_dismiss_label_and_reserves_text_width ... ok
test renderer::tests::notification_layout::test_notification_text_inset_from_backdrop_edges ... ok
test renderer::tests::notification_layout::test_notification_text_uses_body_typography_token_default ... ok
test renderer::tests::notification_layout::test_prune_faded_publications_removes_completed_fades ... ok
test renderer::tests::notification_layout::test_rounded_notification_backdrop_uses_two_line_slot_height ... ok
test renderer::tests::notification_layout::test_stack_reflow_after_publication_pruned ... ok
test renderer::tests::markdown_cache::drag_move_position_only_skips_content_cache_reprimes_bench ... ok
test renderer::tests::notification_layout::test_two_line_notification_empty_title_produces_one_text_item ... ok
test renderer::tests::markdown_primer::markdown_primer_landing_converges_on_render_path_hud_u4lq2 ... ok
test renderer::tests::notification_layout::test_two_line_notification_title_produces_two_text_items ... ok
test renderer::tests::notification_layout::test_two_line_notifications_stack_correctly ... ok
test renderer::tests::markdown_primer::reused_compositor_across_scenes_lands_markdown_primer_hud_u4lq2 ... ok
test renderer::tests::portal_animation::non_scrollable_tile_has_no_portal_animation_state ... ok
test renderer::tests::portal_animation::portal_tile_fade_in_starts_on_first_content ... ok
test renderer::tests::portal_animation::portal_tile_fade_out_starts_on_content_removal ... ok
test renderer::tests::portal_animation::portal_tile_interrupt_seeds_fade_in_from_eased_opacity ... ok
test renderer::tests::portal_reveal::portal_surface_container_part_scopes_descendant_text ... ok
test renderer::tests::portal_reveal::portal_surface_renders_parts_with_per_part_scope_and_clip ... ok
test renderer::tests::portal_reveal::test_portal_reveal_batched_multinode_reveals_only_grown_node ... ok
test renderer::tests::portal_reveal::test_portal_reveal_identical_text_nodes_do_not_cross_fade ... ok
test renderer::tests::portal_reveal::test_portal_reveal_node_flip_does_not_spuriously_reveal ... ok
test renderer::tests::surface::adapter_identity_preserves_actual_wgpu_fields_without_a_gpu ... ok
test renderer::tests::portal_reveal::test_portal_reveal_single_node_append_still_reveals ... ok
test renderer::tests::retained_image::reconfigured_surface_recovery_forces_a_full_repaint ... ok
test renderer::tests::retained_image::test_static_image_node_composited_with_other_nodes ... ok
test renderer::tests::retained_image::test_static_image_node_renders_placeholder_quad ... ok
test renderer::tests::scroll::display_tile_scroll_offset_snaps_headless_and_settles_windowed ... ok
test renderer::tests::scroll::expanded_portal_chrome_stays_fixed_while_document_content_scrolls_after_resize ... ok
test renderer::tests::scroll::jump_to_latest_badge_gates_on_scroll_and_unread_count ... ok
test renderer::tests::scroll::publish_displayed_scroll_offsets_mirrors_smoother_and_clears_headless ... ok
test renderer::tests::scroll::scrolled_portal_output_tile_clips_geometry_outside_viewport ... ok
test renderer::tests::scroll::scrolled_rounded_solid_preserves_original_shape_with_viewport_clip ... ok
test renderer::tests::scroll::test_collect_text_items_applies_tile_scroll_offset ... ok
test renderer::tests::markdown_primer::scroll_reshape_bench_hud991cj ... ok
test renderer::tests::scroll::test_collect_text_items_at_tail_ellipsis_uses_tail_anchored_viewport ... ok
test renderer::tests::scroll::test_collect_text_items_zero_scroll_unchanged ... ok
test renderer::tests::scroll::test_ensure_icon_texture_resolves_token_placeholder ... ok
test renderer::tests::scroll::test_ensure_icon_texture_unresolved_token_cleared_after_set_token_map ... ok
test renderer::tests::scroll::test_zone_stream_text_tail_anchored_opt_in_viewport ... ok
test renderer::tests::surface::build_windowed_frame_decoupled_from_surface_then_presents ... ok
test renderer::tests::surface::building_an_idle_frame_leaves_the_idle_gate_inputs_unchanged ... ok
test renderer::tests::surface::capture_windowed_frame_reads_back_the_built_frame ... ok
test renderer::tests::surface::frame_signature_ignores_content_outside_the_target ... ok
test renderer::tests::surface::offset_display_target_shows_scene_translated ... ok
test renderer::tests::surface::safe_mode_flip_changes_secondary_signature ... ok
test renderer::tests::surface::test_chrome_always_above_max_zorder_tile ... ok
test renderer::tests::surface::test_new_headless_with_force_software_env_var ... ok
test renderer::tests::surface::test_render_frame_via_compositor_surface_trait ... ok
test renderer::tests::surface::test_system_card_drawn_above_safe_mode_overlay_and_content ... ok
test renderer::tests::surface::zone_assigned_to_secondary_display_renders_there ... ok
test renderer::tests::text_render::font_tokens_select_role_families_and_rebuild_only_on_change ... ok
test renderer::tests::text_render::test_init_text_renderer_idempotent ... ok
test renderer::tests::text_render::test_text_clip_overflow_stays_within_bounds ... ok
test renderer::tests::text_render::test_text_ellipsis_overflow_no_panic ... ok
test renderer::tests::tokens::composer_at_capacity_token_is_distinct_from_background_and_propagates_override ... ok
test renderer::tests::tokens::composer_caret_color_defaults_to_text_color ... ok
test renderer::tests::tokens::composer_caret_color_token_override_propagates ... ok
test renderer::tests::tokens::composer_overlay_default_font_size_matches_readable_portal_default ... ok
test renderer::tests::tokens::composer_overlay_tokens_defaults_are_valid ... ok
test renderer::tests::tokens::composer_selection_bg_default_is_visible ... ok
test renderer::tests::tokens::composer_selection_bg_token_override_propagates ... ok
test renderer::tests::tokens::resolve_tile_bg_token_default_override ... ok
test renderer::tests::tokens::resolve_tile_bg_token_returns_fallback_on_absent_token ... ok
test renderer::tests::tokens::resolve_tile_bg_token_static_image_override ... ok
test renderer::tests::tokens::resolve_tile_bg_token_text_markdown_override ... ok
test renderer::tests::tokens::token_fallback_colors_match_canonical_defaults ... ok
test renderer::tests::text_render::test_text_markdown_node_avoids_placeholder_bar_when_text_renderer_active ... ok
test renderer::tests::text_render::test_text_markdown_node_renders_visible_text ... ok
test renderer::tests::scroll::test_zone_stream_text_tail_anchored_primes_newest_content ... ok
test renderer::tests::text_render::test_text_renderer_empty_scene_no_panic ... ok
test renderer::tests::text_render::test_zone_notification_renders_visible_text ... ok
test renderer::tests::text_render::test_stage6_budget_with_text_rendering_active ... ok
test renderer::tests::text_render::test_zone_status_bar_renders_visible_text ... ok
test renderer::tests::text_render::test_zone_stream_text_renders_visible_text ... ok
test renderer::tests::tile_opacity::hud_b0x0m_rounded_solid_color_scaled_by_tile_opacity ... ok
test renderer::tests::tile_opacity::hud_b0x0m_solid_color_node_fill_scaled_by_tile_opacity ... ok
test renderer::tests::tile_opacity::hud_b0x0m_static_image_tint_scaled_by_tile_opacity ... ok
test renderer::tests::zone_layers::test_fade_in_from_clamps_opacity ... ok
test renderer::tests::zone_layers::test_fade_in_from_starts_at_given_opacity ... ok
test renderer::tests::tile_opacity::hud_dat3x_fractional_tile_opacity_blends_text ... ok
test renderer::tests::tile_opacity::hud_dat3x_full_tile_opacity_renders_text_opaque ... ok
test renderer::tests::zone_layers::test_publication_ttl_ms_uses_expires_at_wall_us ... ok
test renderer::tests::tile_opacity::hud_dat3x_transient_portal_fade_still_shapes_text ... ok
test renderer::tests::zone_layers::test_stream_reveal_advance_progresses_breakpoints ... ok
test renderer::tests::zone_layers::test_stream_reveal_no_breakpoints_reveals_all ... ok
test renderer::tests::zone_layers::test_stream_reveal_starts_at_first_breakpoint ... ok
test renderer::tests::tile_opacity::hud_dat3x_zero_tile_opacity_collects_no_text ... ok
test renderer::tests::tile_opacity::hud_tfm3p_flow_offsets_resolve_without_a_text_rasterizer ... ok
test renderer::tests::tile_opacity::hud_w41ef_portal_backdrop_opaque_after_resize_grow_no_fade ... ok
test renderer::tests::tile_opacity::hud_w41ef_portal_content_background_scaled_by_tile_opacity ... ok
test renderer::tests::viewer_echo::portal_resize_scales_runtime_authored_input_text_and_layout ... ok
test renderer::tests::viewer_echo::repro_resize_first_frame_keeps_composer_chrome_aligned_with_wrapped_text ... ok
test renderer::tests::viewer_echo::test_viewer_echo_history_bounded_above_live_box ... ok
test renderer::tests::zone_notification::test_alert_banner_urgency3_maps_to_severity_critical ... ok
test renderer::tests::zone_notification::test_alert_banner_urgency_low_maps_to_info ... ok
test renderer::tests::viewer_echo::test_viewer_echo_renders_embedded_newline_as_multiple_lines ... ok
test renderer::tests::viewer_echo::test_viewer_echo_renders_kind_distinct_line_above_composer ... ok
test renderer::tests::zone_notification::test_from_zone_policy_reads_all_policy_fields ... ok
test renderer::tests::viewer_echo::test_viewer_echo_renders_turn_dividers_between_entries ... ok
test renderer::tests::viewer_echo::test_viewer_echo_stack_tracks_live_composer_box ... ok
test renderer::tests::viewer_echo::test_viewer_echo_timestamp_renders_as_styled_run ... ok
test renderer::tests::viewer_echo::test_viewer_echo_wraps_long_entry ... ok
test renderer::tests::viewer_echo::test_viewer_echo_zero_timestamp_renders_without_prefix_or_run ... ok
test renderer::tests::zone_layers::test_collect_text_items_respects_stream_reveal ... ok
test renderer::tests::zone_layers::test_layer_filter_background_only_emits_background_vertices ... ok
test renderer::tests::zone_notification::test_notification_urgency_color_tokens ... ok
test renderer::tests::zone_layers::test_layer_filter_chrome_only_emits_chrome_vertices ... ok
test renderer::tests::zone_layers::test_static_image_zone_emits_warm_gray_placeholder ... ok
test renderer::tests::zone_notification::test_severity_color_tokens_override_or_fall_back ... ok
test renderer::tests::zone_notification::test_zone_animation_state_fade_in_completes ... ok
test renderer::tests::zone_notification::test_zone_animation_state_fade_out_completes ... ok
test renderer::tests::zone_notification::test_zone_animation_state_interpolates ... ok
test renderer::tests::zone_layers::test_three_pass_ordering_independent_of_registration_order ... ok
test renderer::tests::zone_layers::test_transition_interrupt_starts_fade_in_from_current_opacity ... ok
test renderer::tests::zone_layers::test_update_stream_reveals_creates_state ... ok
test renderer::tests::zone_layers::test_update_stream_reveals_resets_on_new_publish ... ok
test renderer::tests::zone_notification::notification_actions_layout_matches_hit_regions ... ok
test renderer::tests::zone_notification::test_alert_banner_has_no_border ... ok
test renderer::tests::zone_notification::test_alert_banner_urgency2_maps_to_severity_warning ... ok
test renderer::tests::zone_notification::test_backdrop_opacity_overrides_color_alpha ... ok
test renderer::tests::zone_notification::test_custom_severity_tokens_affect_alert_banner_backdrop ... ok
test renderer::tests::zone_notification::test_lifecycle_sentinel_keeps_cached_markdown_render_path ... ok
test renderer::tests::zone_notification::test_no_backdrop_when_backdrop_is_none ... ok
test renderer::tests::zone_notification::test_notification_area_backdrop_uses_0_8_opacity ... ok
test renderer::tests::zone_stack::test_zone_slot_layout_iter_visible_clips_and_clamps ... ok
test renderer::text::portal_reveal_render_tests::fade_alpha_increases_with_reveal_progress ... ok
test renderer::text::portal_reveal_render_tests::fade_dims_leading_segment_and_hides_unrevealed_tail ... ok
test renderer::text::portal_reveal_render_tests::scale_portal_font_px_scales_and_clamps ... ok
test renderer::text::portal_reveal_render_tests::settled_reveal_leaves_item_untouched ... ok
test renderer::text::portal_reveal_render_tests::tail_cursor_color_reads_content_end_marker_only ... ok
test renderer::text::portal_reveal_render_tests::tail_cursor_glyph_range_is_multibyte_safe ... ok
test renderer::text::portal_reveal_render_tests::tail_cursor_recolors_only_the_glyph_and_preserves_styling ... ok
test renderer::text::transcript_measure_tests::clamp_narrows_when_cap_below_width ... ok
test renderer::text::transcript_measure_tests::clamp_never_widens_when_cap_above_width ... ok
test renderer::text::transcript_measure_tests::clamp_unbounded_returns_full_width ... ok
test renderer::text::transcript_measure_tests::clamped_measure_wraps_tighter_than_full_width ... ok
test renderer::text::transcript_measure_tests::resolve_defaults_to_unbounded_when_absent ... ok
test renderer::text::transcript_measure_tests::resolve_parses_positive_measure ... ok
test renderer::text::transcript_measure_tests::resolve_rejects_negative_and_nonfinite ... ok
test renderer::tile_render::composer_draft_color_tests::at_capacity_draft_uses_token_at_capacity_color ... ok
test renderer::tile_render::composer_draft_color_tests::placeholder_color_wins_over_at_capacity ... ok
test renderer::tile_render::degradation_opacity_tests::significant_degradation_preserves_hidden_tiles_and_opaques_visible_tiles ... ok
test renderer::tile_render::flow_fallback_cache_tests::heal_parses_large_content_at_most_once_across_repeated_calls ... ok
test renderer::tile_render::flow_fallback_cache_tests::heal_skips_nodes_already_in_the_authoritative_cache ... ok
test renderer::tile_render::lifecycle_accent_tests::accent_bar_clamps_width_and_folds_opacity ... ok
test renderer::tile_render::lifecycle_accent_tests::accent_bar_none_when_invisible ... ok
test renderer::tile_render::resize_grip_tests::dots_anchor_bottom_right_and_form_diagonal ... ok
test renderer::tile_render::resize_grip_tests::nonpositive_size_yields_empty_dots ... ok
test renderer::tile_render::resize_grip_tests::overrides_flow_through_and_hover_swaps_color ... ok
test renderer::tile_render::resize_grip_tests::resolver_defaults_are_distinct_and_positive ... ok
test renderer::tile_render::viewer_echo_timestamp_tests::display_text_prefixes_message_when_timestamped ... ok
test renderer::tile_render::viewer_echo_timestamp_tests::nonzero_submitted_at_derives_hh_mm_prefix ... ok
test renderer::tile_render::viewer_echo_timestamp_tests::prefix_wraps_at_day_boundary_and_truncates_seconds ... ok
test renderer::tile_render::viewer_echo_timestamp_tests::zero_submitted_at_yields_no_prefix ... ok
test renderer::token_colors::tests::jump_to_latest_pill_fill_default_matches_token_set_color_space ... ok
test renderer::token_colors::tests::resolve_section_gap_px_defaults_when_absent ... ok
test renderer::token_colors::tests::resolve_section_gap_px_falls_back_on_malformed_or_negative ... ok
test renderer::token_colors::tests::resolve_section_gap_px_uses_override_token ... ok
test renderer::viewer_echo::tests::append_evicts_oldest_beyond_bound ... ok
test renderer::viewer_echo::tests::append_retains_entries_oldest_first ... ok
test renderer::viewer_echo::tests::drain_queue_moves_pending_appends_into_store ... ok
test renderer::viewer_echo::tests::entries_for_absent_tile_is_none ... ok
test renderer::viewer_echo::tests::retain_tiles_drops_dead_tiles ... ok
test surface::tests::a_resize_requested_during_a_reconfigure_is_not_lost ... ok
test surface::tests::failed_lost_reconfigure_records_terminal_recovery_outcome ... ok
test surface::tests::log_throttle_passes_one_line_per_interval_and_counts_drops ... ok
test surface::tests::lost_or_outdated_acquire_failure_queues_and_attempts_reconfigure ... ok
test surface::tests::out_of_memory_and_other_acquire_failures_are_terminal_without_reconfigure ... ok
test surface::tests::resize_requests_pack_whole_and_ignore_zero ... ok
test surface::tests::test_acquire_frame_double_failure_returns_none_no_panic ... ok
test surface::tests::test_acquire_submit_serialized_against_present_and_reconfigure ... ok
test surface::tests::test_assert_pixel_color_fails_outside_tolerance ... ok
test surface::tests::test_assert_pixel_color_passes_within_tolerance ... ok
test renderer::tests::zone_notification::test_notification_area_border_uses_border_default_token ... ok
test surface::tests::test_window_surface_atomic_size_fields ... ok
test surface::tests::two_builds_before_present_report_one_fresh_swapchain_acquisition ... ok
test text::tests::apply_opacity_to_color_halves_alpha ... ok
test text::tests::color_run_spans_cases ... ok
test text::tests::color_runs_no_truncation_preserves_runs_when_text_starts_with_ellipsis ... ok
test text::tests::compute_inline_backdrop_quads_returns_quad_for_background_color_run ... ok
test renderer::tests::zone_notification::test_notification_area_does_not_use_severity_tokens ... ok
test text::tests::extend_selection_quad_to_box_three_part_shape ... ok
test text::tests::from_text_markdown_node_font_weight_defaults_to_regular ... ok
test text::tests::from_zone_policy_maps_policy_fields ... ok
test surface::tests::test_present_blocks_until_encoding_completes ... ok
test text::tests::linear_to_srgb_u8_black ... ok
test text::tests::linear_to_srgb_u8_midpoint ... ok
test text::tests::linear_to_srgb_u8_white ... ok
test text::tests::intermediate_resize_geometry_re_resolves_truncation ... ok
test text::tests::configured_bound_changes_truncation_fallback_input ... ok
test text::tests::multiline_selection_across_hard_newline_fills_interior ... ok
test text::tests::portal_part_clip_rect_absolute_part_offset ... ok
test text::tests::portal_part_clip_rect_disjoint_floors_to_unit ... ok
test text::tests::portal_part_clip_rect_no_part_clamps_to_tile ... ok
test text::tests::portal_part_clip_rect_part_cannot_exceed_tile ... ok
test text::tests::portal_part_clip_rect_part_contains_content ... ok
test text::tests::regression_708a_reslice_for_item_clamps_run_away_from_ellipsis ... ok
test text::tests::overlong_unbroken_token_wraps_at_glyph_level_within_box ... ok
test text::tests::reslice_color_runs_beyond_truncation_dropped ... ok
test text::tests::reslice_color_runs_partial_overlap_clamped ... ok
test text::tests::reslice_color_runs_tail_anchored_basic_shift ... ok
test text::tests::reslice_color_runs_tail_anchored_run_before_tail_dropped ... ok
test text::tests::reslice_color_runs_within_range_preserved ... ok
test text::tests::reslice_styled_runs_beyond_truncation_dropped ... ok
test text::tests::reslice_styled_runs_partial_overlap_clamped ... ok
test text::tests::reslice_styled_runs_runs_within_range_preserved ... ok
test text::tests::reslice_styled_runs_tail_anchored_basic_shift ... ok
test text::tests::reslice_styled_runs_tail_anchored_first_line_truncated_fallback ... ok
test text::tests::reslice_styled_runs_tail_anchored_multiple_runs_regression ... ok
test text::tests::reslice_styled_runs_tail_anchored_partial_overlap_clamped ... ok
test text::tests::reslice_styled_runs_tail_anchored_run_before_tail_dropped ... ok
test text::tests::reslice_styled_runs_tail_anchored_single_line_inline_ellipsis ... ok
test text::tests::rgba_to_srgb_u8_black_and_white ... ok
test renderer::tests::zone_notification::test_notification_card_border_is_an_sdf_border ... ok
test text::tests::set_max_truncation_input_bytes_reaches_cache ... ok
test text::tests::short_token_stays_single_line ... ok
test text::tests::multiline_selection_fills_interior_line_width ... ok
test text::tests::strip_markdown_empty_input ... ok
test text::tests::strip_markdown_removes_emphasis ... ok
test text::tests::strip_markdown_removes_heading_markers ... ok
test text::tests::styled_runs_effective_measurement_bold_run_raises_weight ... ok
test text::tests::styled_runs_effective_measurement_max_weight_returned ... ok
test text::tests::styled_runs_effective_measurement_monospace_run_sets_flag ... ok
test text::tests::styled_runs_effective_measurement_no_runs ... ok
test text::tests::styled_runs_no_truncation_preserves_runs_when_text_starts_with_ellipsis ... ok
test text::tests::text_item_from_small_text_markdown_node_does_not_collapse_height ... ok
test text::tests::text_item_from_text_markdown_node_insets_margin ... ok
test text::tests::spaced_text_still_word_wraps ... ok
test text::tests::regression_708b_effective_key_uses_bold_weight_and_truncates_more ... ok
test text::tests::truncation_cache_clear_empties_all_entries ... ok
test renderer::tests::zone_notification::test_notification_no_backdrop_when_backdrop_is_none ... ok
test text::tests::truncation_cache_miss_before_prime ... ok
test text::tests::sequence_of_intermediate_geometries_all_independently_cached ... ok
test text::tests::truncation_key_encodes_bounds_height_distinctly ... ok
test text::tests::truncation_key_encodes_bounds_width_distinctly ... ok
test text::tests::truncation_stale_by_content_cold_start_is_none ... ok
test text::tests::truncation_cache_different_geometry_different_entry ... ok
test text::tests::truncation_cache_evict_removes_stale_entries ... ok
test text::tests::truncation_cache_hit_after_prime ... ok
test text::tests::truncation_cache_zero_work_on_unchanged_scene ... ok
test text::tests::truncation_stale_by_content_serves_deferred_geometry_miss ... ok
test text::tests::truncation_stale_by_content_tracks_latest_primed_geometry ... ok
test vertical_flow::tests::flow_total_height_empty_single_and_multi ... ok
test text::tests::truncation_stale_index_pruned_on_evict ... ok
test vertical_flow::tests::flow_child_height_reflects_font_system_state_not_a_fixed_bundled_snapshot ... ok
test vertical_flow::tests::flow_child_height_forks_on_pixel_bearing_color_runs ... ok
test vertical_flow::tests::cached_flow_height_equals_reparse_fallback_height ... ok
test renderer::tests::zone_notification::test_notification_with_opaque_backdrop ... ok
test vertical_flow::tests::measure_child_height_is_at_least_one_line_even_when_empty ... ok
test vertical_flow::tests::measure_child_height_markdown_degenerate_inputs_stay_finite_and_nan_safe ... ok
test vertical_flow::tests::measure_child_height_grows_when_content_wraps_to_more_lines ... ok
test vertical_flow::tests::measure_child_height_markdown_heading_taller_than_uniform_line_estimate ... ok
test vertical_flow::tests::measure_child_height_markdown_inline_styles_do_not_panic_and_stay_finite ... ok
test vertical_flow::tests::measure_child_height_markdown_matches_independently_shaped_height_for_heading ... ok
test vertical_flow::tests::measure_child_height_markdown_uses_token_line_height_not_plain_text_constant ... ok
test vertical_flow::tests::measure_child_height_markdown_strips_syntax_before_wrapping ... ok
test vertical_flow::tests::measure_child_height_markdown_multi_paragraph_grows_with_content ... ok
test vertical_flow::tests::measure_child_height_raw_mode_does_not_strip_markdown_syntax ... ok
test vertical_flow::tests::measure_child_height_raw_mode_uses_the_real_font_family_not_hardcoded_sans_serif ... ok
test vertical_flow::tests::stack_offsets_cases ... ok
test widget::tests::apply_svg_attribute_cases ... ok
test widget::tests::compute_transition_t_interpolates_below_rendering_simplified ... ok
test widget::tests::compute_transition_t_snaps_when_simplified ... ok
test vertical_flow::tests::measure_child_height_raw_mode_uses_default_line_height_not_real_tokens ... ok
test widget::tests::degradation_snap_yields_final_color_value ... ok
test widget::tests::degradation_snap_yields_final_f32_value ... ok
test widget::tests::escape_attr_escapes_quotes_for_generated_text_svg ... ok
test widget::tests::primitive_plan_falls_back_for_style_attributes ... ok
test widget::tests::primitive_plan_does_not_pop_groups_inside_skipped_defs ... ok
test widget::tests::primitive_plan_supports_rounded_rect_attributes ... ok
test widget::tests::primitive_rounded_rect_rasterizes_corners_without_resvg_fallback ... ok
test widget::tests::reference_gauge_bar_half_full_renders_blue_in_fill_region ... ok
test widget::tests::primitive_text_fill_none_is_not_tinted_black ... ok
test widget::tests::reference_gauge_bar_red_fill_renders_red ... ok
test widget::tests::reference_gauge_fill_svg_parses_and_rasterizes ... ok
test widget::tests::renderer_retained_svg_uses_widget_source_class_atomically ... ok
test widget::tests::reference_gauge_indicator_warning_renders_yellow ... ok
test widget::tests::retained_plan_bound_cache_includes_primitive_layers_after_static_layers ... ok
test vertical_flow::tests::resolve_tile_flow_offsets_empty_for_all_absolute ... ok
test widget::tests::retained_plan_bound_cache_is_invalidated_by_resolved_binding_values ... ok
test widget::tests::rgba_to_svg_color_formats_by_alpha ... ok
test widget::tests::snap_composite_rect_rounds_and_clamps ... ok
test widget::tests::static_svg_layer_cache_evicts_lru_incrementally_to_byte_bound ... ok
test widget::tests::static_svg_layer_cache_key_uses_full_content_digest ... ok
test widget::tests::static_svg_layer_cache_skips_entries_above_per_entry_limit ... ok
test widget::tests::test_apply_binding_and_rasterize ... ok
test widget::tests::test_color_component_wise_interpolation ... ok
test widget::tests::test_enum_snaps_immediately ... ok
test widget::tests::test_f32_linear_interpolation ... ok
test widget::tests::test_linear_mapping_spec_scenario ... ok
test widget::tests::test_resolve_direct_color_binding ... ok
test widget::tests::test_resolve_direct_string_binding ... ok
test vertical_flow::tests::resolve_tile_flow_offsets_parses_once_per_child_on_cache_miss ... ok
test widget::tests::test_resolve_discrete_binding ... ok
test widget::tests::test_resolve_linear_binding ... ok
test widget::tests::test_string_snaps_immediately ... ok
test widget::tests::text_mask_alpha_bounds_tracks_non_transparent_pixels ... ok
test renderer::tests::zone_notification::test_rounded_card_border_follows_the_corner ... ok
test vertical_flow::tests::resolve_tile_flow_offsets_performs_zero_parse_on_cache_hit ... ok
test vertical_flow::tests::resolve_tile_flow_offsets_stacks_flow_children_from_parent_top ... ok
test widget::tests::retained_plan_returns_oversize_composed_output_without_caching ... ok
test widget::tests::retained_plan_static_cache_is_invalidated_by_svg_content ... ok
test renderer::tests::zone_notification::test_zone_subtitle_with_outline_text_item ... ok
test widget::tests::text_content_changes_reuse_primitive_non_text_segments ... ok
test widget::tests::text_svg_cache_is_stable_across_opacity_only_changes ... ok
test widget::tests::text_svg_cache_is_stable_across_text_fill_color_changes ... ok
test renderer::tests::zone_notification::test_zone_subtitle_without_outline_text_item ... ok
test renderer::tests::zone_stack::test_latest_wins_zone_renders_only_latest_publication ... ok
test renderer::tests::zone_stack::test_merge_by_key_latest_value_wins_for_duplicate_keys ... ok
test renderer::tests::zone_stack::test_merge_by_key_zone_merges_all_status_bar_entries ... ok
test renderer::tests::zone_stack::test_stack_slot_clips_at_zone_boundary ... ok
test renderer::tests::zone_stack::test_stack_slot_layout_five_notifications_distinct_y ... ok
test renderer::tests::zone_stack::test_stack_slot_sixth_notification_evicts_oldest ... ok
test renderer::tests::zone_stack::test_stack_zone_collect_text_items_per_publication ... ok
test renderer::tests::zone_stack::test_stack_zone_renders_separate_backdrop_per_publication ... ok
test renderer::tests::zone_stack::test_status_bar_empty_key_icon_map_produces_single_text_item ... ok
test renderer::tests::zone_stack::test_status_bar_key_icon_map_produces_per_entry_text_items ... ok
test overflow::tests::fallback_visible_window_is_byte_identical_to_full_input ... ok

test result: ok. 591 passed; 0 failed; 0 ignored; 0 measured; 0 filtered out; finished in 7.85s

     Running tests/gauge_binding_rendering.rs (/home/orca/orca/projects/tze-hud/target/debug/deps/gauge_binding_rendering-f0e10b716de8fb57)

running 23 tests
test contention::gauge_all_four_params_produce_correct_svg_attributes ... ok
test contention::gauge_all_four_params_simultaneous_publish ... ok
test gauge_bar_fills_upward_at_level_full ... ok
test contention::gauge_latestwins_agent_b_overrides_agent_a ... ok
test gauge_bar_fills_upward_at_level_half ... ok
test gauge_direct_color_binding_blue_produces_hex_0000ff ... ok
test gauge_bar_upward_at_level_zero_stays_at_bottom ... ok
test gauge_discrete_binding_severity_error_produces_ff4444 ... ok
test gauge_discrete_binding_severity_info_produces_4a9eff ... ok
test contention::gauge_latestwins_agent_b_overwrites_agent_a_entirely ... ok
test gauge_discrete_binding_severity_warning_produces_ffb800 ... ok
test contention::gauge_mergebykey_retains_other_agents_unpublished_params ... ok
test gauge_direct_color_binding_green_with_alpha ... ok
test gauge_linear_binding_level_half_produces_height_100 ... ok
test gauge_direct_color_binding_red_produces_hex_ff0000 ... ok
test gauge_direct_color_binding_mutates_bar_fill_in_svg ... ok
test gauge_discrete_binding_mutates_indicator_fill_in_svg ... ok
test gauge_linear_binding_level_quarter_produces_height_50 ... ok
test gauge_text_content_binding_empty_label ... ok
test gauge_text_content_binding_long_label ... ok
test gauge_linear_binding_level_one_produces_height_200 ... ok
test gauge_linear_binding_level_zero_produces_height_0 ... ok
test gauge_text_content_binding_label_cpu_load ... ok

test result: ok. 23 passed; 0 failed; 0 ignored; 0 measured; 0 filtered out; finished in 0.00s

     Running tests/gpu_canary.rs (/home/orca/orca/projects/tze-hud/target/debug/deps/gpu_canary-c487daa55c2fbace)

running 1 test
test gpu_adapter_available_when_required ... ok

test result: ok. 1 passed; 0 failed; 0 ignored; 0 measured; 0 filtered out; finished in 0.05s

     Running tests/widget_raster_count.rs (/home/orca/orca/projects/tze-hud/target/debug/deps/widget_raster_count-f8cdd2a683b89f63)

running 1 test
test widget_param_update_rasterizes_only_that_instance ... ok

test result: ok. 1 passed; 0 failed; 0 ignored; 0 measured; 0 filtered out; finished in 0.09s

     Running tests/widget_rasterize_budget.rs (/home/orca/orca/projects/tze-hud/target/debug/deps/widget_rasterize_budget-2888d703439f201e)

running 4 tests
test gauge_label_text_binding_changes_raster_output ... ok
test gauge_fill_bindings_are_applied ... ok
test gauge_512x512_rasterize_produces_non_empty_pixels ... ok
test gauge_512x512_rasterize_within_ci_budget ... ok

test result: ok. 4 passed; 0 failed; 0 ignored; 0 measured; 0 filtered out; finished in 0.07s

     Running tests/widget_transition.rs (/home/orca/orca/projects/tze-hud/target/debug/deps/widget_transition-dd866538562dad50)

running 8 tests
test degraded_mode_snaps_widget_transition ... ok
test each_publish_keeps_its_own_transition_ms ... ok
test retarget_mid_flight_is_continuous_and_uses_the_new_duration ... ok
test rewound_clock_still_lands_and_stops_waking ... ok
test transition_stops_waking_after_completion ... ok
test color_param_eases_component_wise ... ok
test enum_param_snaps_while_f32_eases ... ok
test f32_param_eases_over_transition_ms ... ok

test result: ok. 8 passed; 0 failed; 0 ignored; 0 measured; 0 filtered out; finished in 0.31s

     Running tests/zone_rendering.rs (/home/orca/orca/projects/tze-hud/target/debug/deps/zone_rendering-37ff89c6ca035e7b)

running 13 tests
test alert_banner_urgency_maps_to_severity_color ... ok
test alert_banner_stacks_by_severity ... ok
test ambient_background_shows_only_latest_publication ... ok
test ambient_static_image_draws_texture_or_placeholder ... ok
test notification_icon_renders_only_when_bytes_registered ... ok
test notification_urgency_maps_to_backdrop_color ... ok
test ambient_background_fills_display_or_stays_clear ... ok
test background_layer_renders_below_content_zone ... ok
test subtitle_backdrop_follows_policy ... ok
test subtitle_text_is_drawn ... ok
test tile_solid_color_radius_rounds_corners ... ok
test tile_static_image_fit_modes ... ok
test zone_backdrop_radius_rounds_corners ... ok

test result: ok. 13 passed; 0 failed; 0 ignored; 0 measured; 0 filtered out; finished in 0.43s

     Running benches/markdown_cache.rs (/home/orca/orca/projects/tze-hud/target/debug/deps/markdown_cache-6dc6daab8b4f15b9)
Gnuplot not found, using plotters backend
Testing markdown_cache/cache_hit/8KiB_warm
Success

Testing markdown_cache/parse_commit_64kB/cold
Success

Testing markdown_cache/compute_key/64kB
Success

     Running benches/overflow_truncate.rs (/home/orca/orca/projects/tze-hud/target/debug/deps/overflow_truncate-41352ebdaeeee4f7)
Gnuplot not found, using plotters backend
Testing overflow_truncate/small_540B/warm
Success

Testing overflow_truncate/medium_8KiB/warm
Success

Testing overflow_truncate/large_64KiB/warm
Success

Testing overflow_truncate/fallback_64KiB/warm
Success

     Running benches/widget_rasterize.rs (/home/orca/orca/projects/tze-hud/target/debug/deps/widget_rasterize-2a60603b83d2b0ff)
Gnuplot not found, using plotters backend
Testing widget_rasterize/gauge_512x512/cold_parse
Success

Testing widget_rasterize/gauge_512x512/warm_identical_params
Success

Testing widget_rasterize/gauge_512x512/warm_parameter_changing
Success

Testing widget_rasterize/gauge_512x512/warm_text_changing
Success

Testing widget_rasterize/gauge_128x128/warm_identical_params
Success

     Running unittests src/lib.rs (/home/orca/orca/projects/tze-hud/target/debug/deps/tze_hud_config-464e3578a67e3b13)

running 171 tests
test agents_file::tests::a_psk_hash_shared_by_two_agents_is_rejected ... ok
test config_write::tests::crlf_files_stay_crlf ... ok
test agents_file::tests::agents_file_round_trip_stores_only_the_hash ... ok
test allow::tests::expansion_maps_surfaces_to_permissions ... ok
test agents_file::tests::agents_file_missing_is_empty_and_bad_entries_are_config_errors ... ok
test allow::tests::valid_entries_pass ... ok
test config_write::tests::edits_only_named_keys_and_keeps_everything_else_byte_for_byte ... ok
test config_write::tests::missing_file_is_a_typed_error_not_created ... ok
test config_write::tests::invalid_theme_or_font_is_rejected_and_nothing_is_written ... ok
test config_write::tests::remove_deletes_the_key_and_is_a_no_op_when_absent ... ok
test allow::tests::unknown_entries_carry_a_hint ... ok
test displays::tests::rejects_unknown_and_doubly_assigned_zones ... ok
test displays::tests::assigns_known_zones_to_displays ... ok
test config_write::tests::creates_a_missing_design_tokens_table_at_the_end ... ok
test displays::tests::absent_section_is_valid ... ok
test config_write::tests::temp_file_is_removed_when_the_rename_fails ... ok
test loader::unit_tests::test_duplicate_tab_name_produces_error ... ok
test loader::unit_tests::test_multiple_default_tabs_produces_error ... ok
test loader::unit_tests::test_no_tabs_produces_no_tabs_error ... ok
test loader::unit_tests::test_parse_error_location_extraction_with_line_col ... ok
test loader::unit_tests::test_parse_error_location_fallback_when_not_found ... ok
test loader::unit_tests::test_validate_profile_known_profiles_no_error ... ok
test loader::unit_tests::test_validate_profile_mobile_is_unknown ... ok
test loader::unit_tests::test_validate_profile_unknown_gives_unknown_error ... ok
test policy_builder::tests::test_build_effective_policy_absent_zone_type_is_noop ... ok
test policy_builder::tests::test_build_effective_policy_fills_token_defaults ... ok
test policy_builder::tests::test_custom_color_token_reflected_in_policy ... ok
test policy_builder::tests::test_alert_banner_token_defaults ... ok
test policy_builder::tests::test_non_subtitle_zones_do_not_set_overflow ... ok
test policy_builder::tests::test_ambient_background_no_token_defaults ... ok
test policy_builder::tests::test_notification_area_token_defaults ... ok
test policy_builder::tests::test_notification_area_backdrop_radius_not_overwritten_when_explicit ... ok
test policy_builder::tests::test_status_bar_token_defaults ... ok
test policy_builder::tests::test_pip_no_token_defaults ... ok
test policy_builder::tests::test_subtitle_overflow_not_overwritten_when_explicit ... ok
test policy_builder::tests::test_subtitle_token_defaults_populate_none_fields ... ok
test policy_builder::tile_placement_tests::canonical_tile_tokens_match_placement_defaults ... ok
test policy_builder::tests::test_token_defaults_do_not_overwrite_existing_values ... ok
test policy_builder::tile_placement_tests::tile_tokens_override_sizes ... ok
test portal_tokens::tests::caret_selection_placeholder_defaults_are_valid ... ok
test portal_tokens::tests::connecting_marker_token_is_valid_and_distinct_from_degraded ... ok
test portal_tokens::tests::caret_selection_placeholder_overrides_propagate ... ok
test portal_tokens::tests::default_portal_text_sizes_are_readable_without_focus_resize ... ok
test portal_tokens::tests::connecting_marker_token_override_propagates ... ok
test portal_tokens::tests::degraded_tokens_default_values_are_valid ... ok
test portal_tokens::tests::degraded_token_overrides_propagate ... ok
test portal_tokens::tests::focus_ring_defaults_and_override_propagate ... ok
test portal_tokens::tests::profile_override_changes_transition_ms ... ok
test portal_tokens::tests::lifecycle_accent_width_default_and_override ... ok
test portal_tokens::tests::invalid_transition_ms_falls_back_to_default ... ok
test portal_tokens::tests::partial_config_resolves_unset_frame_background_to_portal_default_not_grey ... ok
test portal_tokens::tests::invalid_u32_token_triggers_fallback_and_warn_path ... ok
test portal_tokens::tests::profile_override_propagates_to_portal_tokens ... ok
test portal_tokens::tests::profile_override_changes_frame_opacity ... ok
test portal_tokens::tests::resolve_portal_tokens_all_fields_populated ... ok
test portal_tokens::tests::resize_grip_defaults_and_override_propagate ... ok
test portal_tokens::tests::scroll_indicator_tokens_default_values_are_valid ... ok
test portal_tokens::tests::profile_swap_reskins_all_portal_parts ... ok
test portal_tokens::tests::scroll_indicator_color_override_propagates ... ok
test portal_tokens::tests::resolve_portal_tokens_defaults_on_empty_map ... ok
test portal_tokens::tests::spacing_and_measure_defaults_and_override_propagate ... ok
test portal_tokens::tests::timestamp_granularity_override_resolves_from_profile ... ok
test portal_tokens::tests::timestamp_granularity_parses_all_variants_case_insensitively ... ok
test portal_tokens::tests::timestamp_granularity_token_string_round_trips ... ok
test portal_tokens::tests::timestamp_tokens_default_off_and_secondary_slate ... ok
test portal_tokens::tests::timestamp_granularity_unrecognized_override_falls_back_to_default ... ok
test portal_tokens::tests::token_change_propagates_on_republish ... ok
test portal_tokens::tests::unparseable_color_token_triggers_fallback_and_warn_path ... ok
test portal_tokens::tests::unparseable_token_falls_back_to_default ... ok
test portal_tokens::tests::unparseable_numeric_token_triggers_fallback_and_warn_path ... ok
test resolver::tests::test_resolve_cli_path_found ... ok
test portal_tokens::tests::window_management_tokens_override_propagates ... ok
test runtime_widget_assets::tests::budget_relationship_rejected_when_agent_exceeds_total ... ok
test portal_tokens::tests::window_management_tokens_default_values_are_valid ... ok
test runtime_widget_assets::tests::default_store_path_uses_cache_root_shape ... ok
test runtime_widget_assets::tests::budget_validation_pushes_config_error ... ok
test resolver::tests::test_resolve_returns_error_with_searched_paths_when_not_found ... ok
test runtime_widget_assets::tests::explicit_store_path_is_created_and_writable ... ok
test runtime_widget_assets::tests::relative_store_path_resolves_against_config_parent ... ok
test tests::agents_table_in_config_is_rejected_with_pairing_hint ... ok
test tests::spec_absent_schema_version_defaults_to_current ... ok
test tests::spec_builtin_zone_type_accepted ... ok
test tests::spec_builtin_zone_type_subtitle_accepted ... ok
test tests::safe_mode_hotkey_defaults_overrides_and_rejects_garbage ... ok
test tests::spec_custom_zone_type_defined_in_zones_accepted ... ok
test tests::spec_absent_widget_bundles_no_error ... ok
test tests::spec_duplicate_tab_name_rejected ... ok
test tests::spec_freeze_populates_tab_names ... ok
test tests::spec_freeze_returns_err_on_validation_errors ... ok
test tests::spec_full_display_profile_budget_values ... ok
test tests::spec_includes_field_rejected ... ok
test tests::spec_headless_profile_budget_values ... ok
test tests::spec_minimal_config_accepted ... ok
test tests::spec_missing_tabs_rejected_with_config_no_tabs ... ok
test tests::spec_multiple_errors_collected ... ok
test tests::spec_multiple_default_tabs_rejected ... ok
test tests::spec_newer_schema_version_fails_closed ... ok
test tests::spec_no_config_found_lists_searched_paths ... ok
test tests::spec_supported_schema_version_proceeds ... ok
test tests::spec_parse_error_includes_line_column ... ok
test tests::spec_unknown_zone_type_produces_error ... ok
test tests::spec_tab_without_zones_field_no_error ... ok
test tests::spec_valid_toml_accepted ... ok
test tests::spec_widget_instance_missing_type_produces_error ... ok
test tests::spec_widget_bundle_path_not_found_error ... ok
test tests::spec_unknown_zone_type_rejected ... ok
test tests::spec_widget_runtime_asset_budget_relationship_rejected ... ok
test tests::display_profile_table_is_rejected_with_hint ... ok
test themes::tests::parse_theme_rejects_unknown_keys_and_bad_values ... ok
test themes::tests::selected_theme_layers_between_canonical_and_config ... ok
test tokens::tests::test_canonical_keys_unique_and_defaults_valid ... ok
test themes::tests::full_themes_set_every_semantic_token ... ok
test themes::tests::known_or_absent_theme_validates ... ok
test themes::tests::unset_theme_selects_default ... ok
test tokens::tests::test_invalid_token_keys ... ok
test themes::tests::unknown_theme_is_a_validation_error_listing_themes ... ok
test tokens::tests::test_parse_color_hex_rrggbb ... ok
test tokens::tests::test_parse_color_hex_invalid ... ok
test tokens::tests::test_parse_color_hex_rrggbb_black ... ok
test tokens::tests::test_parse_color_hex_rejects_non_ascii ... ok
test tokens::tests::test_parse_color_hex_rrggbbaa ... ok
test tokens::tests::test_parse_error_code_exists ... ok
test tokens::tests::test_parse_font_family_keywords ... ok
test tokens::tests::test_parse_numeric_decimal ... ok
test tokens::tests::test_parse_numeric_invalid ... ok
test tokens::tests::test_parse_numeric_integer ... ok
test tokens::tests::test_parse_numeric_rejects_nan_and_infinity ... ok
test tokens::tests::test_parse_numeric_rejects_whitespace ... ok
test tokens::tests::test_resolve_tokens_canonical_fallbacks_present ... ok
test tokens::tests::test_resolve_tokens_config_overrides_fallback ... ok
test tokens::tests::test_resolve_tokens_layer_order ... ok
test tokens::tests::test_resolve_tokens_non_canonical_keys_accepted ... ok
test tokens::tests::test_valid_token_keys ... ok
test tokens::tests::test_validate_invalid_key_produces_error ... ok
test tokens::tests::test_validate_rejects_runtime_reserved_key ... ok
test themes::tests::builtin_themes_are_valid ... ok
test tokens::tests::test_validate_multiple_invalid_keys_all_reported ... ok
test tokens::tests::test_validate_valid_keys_no_errors ... ok
test widgets::tests::absent_widget_bundles_is_valid ... ok
test tokens::tests::test_validate_canonical_value_kinds ... ok
test validate::tests::invalid_toml_reports_parse_error ... ok
test tokens::tests::test_validate_no_design_tokens_section_ok ... ok
test validate::tests::unknown_profile_reports_validation_error ... ok
test widgets::tests::coerce_color_from_array ... ok
test widgets::tests::coerce_color_from_wrong_length_rejected ... ok
test widgets::tests::coerce_f32_from_float ... ok
test widgets::tests::coerce_f32_from_integer ... ok
test widgets::tests::coerce_f32_from_string_rejected ... ok
test widgets::tests::duplicate_instance_name_without_instance_id_produces_error ... ok
test widgets::tests::initial_params_enum_out_of_allowed_values_produces_error ... ok
test widgets::tests::initial_params_unknown_param_name_produces_error ... ok
test widgets::tests::invalid_initial_params_type_mismatch_produces_error ... ok
test widgets::tests::known_widget_type_accepted ... ok
test widgets::tests::nonexistent_bundle_path_produces_error ... ok
test widgets::tests::relative_bundle_path_with_no_config_parent_skips_existence_check ... ok
test widgets::tests::relative_bundle_path_with_config_parent_is_still_validated ... ok
test widgets::tests::two_instances_with_distinct_ids_accepted ... ok
test widgets::tests::unknown_widget_type_produces_error ... ok
test widgets::tests::valid_initial_params_accepted ... ok
test zones::tests::test_all_builtin_zone_types_available ... ok
test zones::tests::test_builtin_zone_types_are_known ... ok
test zones::tests::test_builtin_subtitle_zone_no_custom_def_needed ... ok
test zones::tests::test_unknown_zone_type_produces_error ... ok
test zones::tests::test_custom_zone_type_is_known ... ok
test zones::unit_tests::builtin_zone_types_are_accepted ... ok
test zones::unit_tests::custom_zone_type_defined_in_zones_section_accepted ... ok
test zones::unit_tests::mixed_builtin_and_custom_zones_accepted ... ok
test zones::unit_tests::is_builtin_zone_type_returns_false_for_unknown ... ok
test zones::unit_tests::no_zones_on_tab_produces_no_error ... ok
test zones::unit_tests::unknown_zone_type_produces_error ... ok
test zones::unit_tests::is_builtin_zone_type_returns_true_for_all_builtins ... ok

test result: ok. 171 passed; 0 failed; 0 ignored; 0 measured; 0 filtered out; finished in 0.01s

     Running unittests src/lib.rs (/home/orca/orca/projects/tze-hud/target/debug/deps/tze_hud_input-76bcc105af0e52a5)

running 404 tests
test batching::tests::test_events_sorted_by_timestamp_ascending ... ok
test batching::tests::test_two_events_same_agent_same_frame_one_batch ... ok
test batching::tests::test_pointer_move_coalesced_in_batch ... ok
test batching::tests::test_no_events_no_batches ... ok
test batching::tests::test_two_agents_produce_two_batches ... ok
test batching::tests::test_assemble_clears_pending_state ... ok
test capture::tests::acquire_denied_when_device_already_captured ... ok
test capture::tests::acquire_again_after_release_succeeds ... ok
test capture::tests::acquire_succeeds_when_no_capture_active ... ok
test capture::tests::different_devices_can_be_captured_independently ... ok
test batching::tests::test_assemble_frame_under_2ms ... ok
test capture::tests::get_returns_none_when_not_captured ... ok
test capture::tests::release_clears_capture ... ok
test capture::tests::release_is_idempotent ... ok
test capture::tests::release_on_up_flag_stored_correctly ... ok
test coalescing::tests::test_coalesce_hover_enter_cancels_leave ... ok
test coalescing::tests::test_coalesce_hover_leave_cancels_enter ... ok
test coalescing::tests::test_coalesce_move_different_node_not_merged ... ok
test coalescing::tests::test_coalesce_move_replaces_existing ... ok
test coalescing::tests::test_coalesce_scroll_latest_wins ... ok
test coalescing::tests::test_frame_coalescer_10_moves_one_survives ... ok
test coalescing::tests::test_frame_coalescer_hover_net_state ... ok
test coalescing::tests::test_frame_coalescer_scroll_latest_per_tile ... ok
test coalescing::tests::test_frame_coalescer_transactional_events_preserved ... ok
test command::tests::activate_local_ack_within_4ms ... ok
test command::tests::activate_sets_pressed_state ... ok
test command::tests::activate_via_dpad_also_sets_pressed_state ... ok
test command::tests::all_seven_actions_produce_dispatch ... ok
test command::tests::command_dispatch_is_always_transactional ... ok
test command::tests::device_id_and_timestamp_preserved ... ok
test command::tests::dpad_navigate_next_dispatches_command_event ... ok
test command::tests::interaction_id_populated_from_node ... ok
test command::tests::no_dispatch_when_focus_chrome ... ok
test command::tests::no_dispatch_when_focus_none ... ok
test command::tests::non_activate_commands_do_not_set_pressed ... ok
test command::tests::pointer_free_navigation_all_equivalents_dispatch ... ok
test command::tests::tile_focus_has_empty_interaction_id ... ok
test composer_draft::tests::backspace_at_start_is_unchanged ... ok
test composer_draft::tests::backspace_deletes_selection ... ok
test composer_draft::tests::byte_at_point_input_box_folds_vertical_scroll ... ok
test composer_draft::tests::byte_at_point_input_box_padding_clamps_to_visible_window ... ok
test composer_draft::tests::byte_at_point_maps_pointer_y_through_bottom_anchored_input_box ... ok
test composer_draft::tests::byte_at_point_without_geometry_reproduces_even_split_regression ... ok
test composer_draft::tests::cancel_clears_without_submission ... ok
test composer_draft::tests::cancel_in_batch_is_transactional ... ok
test composer_draft::tests::draft_resumes_after_unsuspend ... ok
test composer_draft::tests::editing_keystrokes_only_affect_local_draft ... ok
test composer_draft::tests::flush_submit_emits_post_submit_display_clear ... ok
test composer_draft::tests::flush_submit_produces_clear_even_with_no_prior_notifications ... ok
test composer_draft::tests::focused_placeholder_defaults_to_none_when_unset ... ok
test composer_draft::tests::insert_and_backspace_round_trip ... ok
test composer_draft::tests::insert_at_cap_returns_at_capacity ... ok
test composer_draft::tests::insert_cr_rejected ... ok
test composer_draft::tests::insert_does_not_split_grapheme_cluster_at_cap ... ok
test composer_draft::tests::insert_mid_text ... ok
test composer_draft::tests::insert_newline_governance ... ok
test composer_draft::tests::insert_newline_inserts_and_advances ... ok
test composer_draft::tests::insert_newline_rejected ... ok
test composer_draft::tests::insert_newline_replaces_selection ... ok
test composer_draft::tests::manager_arrow_falls_back_when_layout_stale ... ok
test composer_draft::tests::manager_arrow_no_layout_uses_hard_newline ... ok
test composer_draft::tests::manager_arrow_up_down_move_caret ... ok
test composer_draft::tests::manager_arrow_uses_visual_layout_when_fresh ... ok
test composer_draft::tests::manager_ctrl_a_empty_is_noop ... ok
test composer_draft::tests::manager_ctrl_a_selects_all ... ok
test composer_draft::tests::manager_ctrl_alt_shortcuts_not_consumed ... ok
test composer_draft::tests::manager_ctrl_c_consumes_without_mutation ... ok
test composer_draft::tests::manager_ctrl_backspace_word_delete ... ok
test composer_draft::tests::manager_ctrl_enter_newline_then_enter_submits_multiline ... ok
test composer_draft::tests::manager_ctrl_shift_arrow_left_extends_selection_by_word ... ok
test composer_draft::tests::manager_ctrl_shift_arrow_right_extends_selection_by_word ... ok
test composer_draft::tests::manager_ctrl_x_cuts_selection ... ok
test composer_draft::tests::manager_ctrl_x_no_selection_is_noop ... ok
test composer_draft::tests::manager_draft_persists_across_focus_loss_and_restores ... ok
test composer_draft::tests::manager_enter_submits_and_clears ... ok
test composer_draft::tests::manager_enter_whitespace_only_no_submit ... ok
test composer_draft::tests::manager_focus_lost_flushes_pending_state ... ok
test composer_draft::tests::manager_goal_column_resets_on_horizontal_move ... ok
test composer_draft::tests::manager_logical_enter_submits_when_physical_key_is_unidentified ... ok
test composer_draft::tests::manager_routes_character_to_draft ... ok
test composer_draft::tests::manager_shift_enter_inserts_newline ... ok
test composer_draft::tests::manager_space_key_down_inserts_literal_space ... ok
test composer_draft::tests::manager_submitted_draft_is_not_persisted ... ok
test composer_draft::tests::manager_suspended_rejects_character ... ok
test composer_draft::tests::manager_unknown_key_not_consumed ... ok
test composer_draft::tests::manager_visual_layout_updates_after_edit ... ok
test composer_draft::tests::move_collapses_selection_to_start ... ok
test composer_draft::tests::move_left_right_around_text ... ok
test composer_draft::tests::move_to_byte_collapses_and_snaps ... ok
test composer_draft::tests::move_to_start_and_end ... ok
test composer_draft::tests::notification_batch_coalesces_to_latest_snapshot ... ok
test composer_draft::tests::on_focus_gained_resets_placeholder_override ... ok
test composer_draft::tests::oversized_paste_notification_does_not_exceed_cap ... ok
test composer_draft::tests::paste_truncates_at_cap ... ok
test composer_draft::tests::paste_does_not_split_zwj_emoji_at_cap ... ok
test composer_draft::tests::paste_utf8_boundary_preserved ... ok
test composer_draft::tests::paste_within_cap_is_mutated ... ok
test composer_draft::tests::pointer_selection ... ok
test composer_draft::tests::scheduler_delivers_correct_state_across_multiple_flush_windows ... ok
test composer_draft::tests::scheduler_coalesces_rapid_edits_but_guarantees_final_delivery ... ok
test composer_draft::tests::scheduler_does_not_double_deliver_after_flush ... ok
test composer_draft::tests::selection_left_right ... ok
test composer_draft::tests::sequence_increments_on_each_mutation ... ok
test composer_draft::tests::set_focused_placeholder_empty_string_is_explicit_opt_out ... ok
test composer_draft::tests::set_focused_placeholder_overrides_default ... ok
test composer_draft::tests::submission_recorded_not_coalesced ... ok
test composer_draft::tests::submit_preserves_embedded_newlines ... ok
test composer_draft::tests::submit_rejects_whitespace_only ... ok
test composer_draft::tests::submit_returns_exact_buffer_and_clears ... ok
test composer_draft::tests::suspended_draft_rejects_backspace ... ok
test composer_draft::tests::suspended_draft_rejects_insert ... ok
test composer_draft::tests::suspended_draft_rejects_paste ... ok
test composer_draft::tests::suspended_submit_returns_none ... ok
test composer_draft::tests::truncate_at_grapheme_boundary_nfd_combining_accent ... ok
test composer_draft::tests::unchanged_operations_do_not_increment_sequence ... ok
test composer_draft::tests::vertical_move_edges ... ok
test composer_draft::tests::vertical_move_tracks_goal_column ... ok
test composer_draft::tests::vertical_select_extends ... ok
test composer_draft::tests::visual_layout_byte_at_point_empty_layout_returns_zero ... ok
test composer_draft::tests::visual_layout_byte_at_point_selects_row_by_y_then_x_by_glyph ... ok
test drag::tests::clamp_to_display_bottom_edge ... ok
test composer_draft::tests::word_delete_forward_removes_next_word ... ok
test composer_draft::tests::visual_layout_vertical_target_moves_between_rows ... ok
test drag::tests::clamp_to_display_within_bounds_unchanged ... ok
test composer_draft::tests::word_backspace_skips_trailing_whitespace_then_deletes_word ... ok
test drag::tests::clamp_to_display_left_edge ... ok
test drag::tests::clamp_to_display_right_edge ... ok
test drag::tests::clamp_to_display_top_edge ... ok
test composer_draft::tests::visual_layout_byte_at_x_lands_near_goal ... ok
test composer_draft::tests::visual_layout_line_of_has_wrap_boundary_affinity ... ok
test composer_draft::tests::word_backspace_at_start_is_unchanged ... ok
test composer_draft::tests::word_backspace_removes_preceding_word ... ok
test drag::tests::device_drag_state_initial_phase_is_accumulating ... ok
test drag::tests::device_drag_state_threshold_met_after_duration ... ok
test drag::tests::device_drag_state_threshold_not_met_at_start ... ok
test drag::tests::final_position_roundtrips_via_geometry ... ok
test drag::tests::movement_beyond_tolerance_exceeds ... ok
test drag::tests::movement_within_tolerance_does_not_exceed ... ok
test drag::tests::persist_geometry_override_noop_when_no_match ... ok
test drag::tests::persist_geometry_override_updates_matching_entry ... ok
test drag::tests::snap_to_grid_quantises_to_nearest_cell ... ok
test drag::tests::snap_to_grid_zero_cell_passthrough ... ok
test drag::tests::snap_to_grid_zero_display_passthrough ... ok
test envelope::tests::test_timestamp_extraction ... ok
test envelope::tests::test_transactional_classification ... ok
test event_queue::tests::test_drain_clears_queue ... ok
test event_queue::tests::test_non_transactional_dropped_at_capacity ... ok
test event_queue::tests::test_queue_accepts_events_below_capacity ... ok
test event_queue::tests::test_transactional_appended_when_all_transactional_at_cap ... ok
test event_queue::tests::test_transactional_evicts_non_transactional_at_capacity ... ok
test events::tests::scene_local_patch_empty_by_default ... ok
test focus::tests::clear_focus_is_noop_when_already_unfocused ... ok
test focus::tests::clear_focus_releases_and_tab_reenters_cycle ... ok
test focus::tests::current_owner_none_after_tab_removed ... ok
test focus::tests::current_owner_returns_none_before_first_click ... ok
test focus::tests::current_owner_returns_none_for_unknown_tab ... ok
test focus::tests::current_owner_reflects_click_to_focus_node ... ok
test focus::tests::test_agent_cannot_see_other_agents_focus ... ok
test focus::tests::portal_tab_ring_visits_controls_and_skips_pointer_only_handles ... ok
test focus::tests::test_click_on_passthrough_tile_does_not_change_focus ... ok
test focus::tests::test_click_on_focusable_node_transfers_focus ... ok
test focus::tests::test_focus_events_dispatched_on_tab_key ... ok
test focus::tests::test_focus_cycling_z_order ... ok
test focus::tests::test_focus_fallback_on_tile_destruction ... ok
test focus::tests::test_focus_falls_to_none_when_no_history ... ok
test focus::tests::test_focus_ring_bounds_computed_in_display_space ... ok
test focus::tests::test_passthrough_tile_excluded_from_cycle ... ok
test focus::tests::test_programmatic_focus_denied_when_another_holds_and_no_steal ... ok
test focus::tests::test_focus_uniqueness_under_transitions ... ok
test focus::tests::test_programmatic_focus_granted_when_no_holder ... ok
test focus::tests::test_programmatic_focus_invalid_wrong_namespace ... ok
test focus::tests::test_single_focus_owner_per_tab ... ok
test focus::tests::test_tab_switch_preserves_focus_without_events ... ok
test focus_tree::tests::test_focus_owner_tile_id ... ok
test focus_tree::tests::test_history_bounded_by_history_depth ... ok
test focus_tree::tests::test_initial_state_is_none ... ok
test focus_tree::tests::test_pop_fallback_returns_none_when_all_history_destroyed ... ok
test focus_tree::tests::test_pop_fallback_skips_destroyed_tile ... ok
test focus_tree::tests::test_remove_from_history ... ok
test focus_tree::tests::test_set_focus_records_history ... ok
test hit_test::tests::chrome_wins_over_content_tile ... ok
test hit_test::tests::hit_test_misses_outside_all_tiles ... ok
test hit_test::tests::hit_test_returns_correct_node_without_gpu ... ok
test hit_test::tests::hit_test_returns_tile_hit_when_no_node_matches ... ok
test hit_test::tests::last_child_wins_over_first_child ... ok
test hit_test::tests::passthrough_tile_does_not_block_content ... ok
test jump_to_latest::tests::badge_hidden_when_redacted ... ok
test hit_test::tests::hit_test_50_tiles_under_100us_p99 ... ok
test jump_to_latest::tests::badge_hidden_when_zero ... ok
test jump_to_latest::tests::hidden_when_at_tail ... ok
test jump_to_latest::tests::non_finite_viewport_rejected ... ok
test jump_to_latest::tests::non_positive_viewport_rejected ... ok
test jump_to_latest::tests::pill_clamped_to_tiny_viewport ... ok
test jump_to_latest::tests::badge_shows_count_when_unread ... ok
test jump_to_latest::tests::pill_fill_default_is_linear ... ok
test jump_to_latest::tests::pill_size_matches_tokens ... ok
test jump_to_latest::tests::pill_anchored_bottom_center ... ok
test jump_to_latest::tests::shown_when_scrolled_back ... ok
test jump_to_latest::tests::badge_clamps_large_counts ... ok
test keyboard::tests::modifiers_preserved ... ok
test keyboard::tests::repeat_flag_preserved ... ok
test jump_to_latest::tests::tokens_carry_badge_text_style ... ok
test keyboard::tests::bubble_from_tile_level_returns_none ... ok
test keyboard::tests::key_event_bubbles_to_tile ... ok
test local_feedback::tests::test_default_resolved_style_matches_spec ... ok
test keyboard::tests::tile_focus_routes_to_tile ... ok
test keyboard::tests::key_up_dispatched_to_focused_node ... ok
test local_feedback::tests::test_local_feedback_style_is_default ... ok
test local_feedback::tests::test_custom_focus_ring_overrides_default ... ok
test keyboard::tests::character_dispatched_to_focused_node ... ok
test local_feedback::tests::test_rollback_tracker_begin_and_query ... ok
test local_feedback::tests::test_rollback_animation_duration_is_100ms ... ok
test keyboard::tests::no_dispatch_when_focus_is_chrome ... ok
test local_feedback::tests::test_rollback_tracker_begin_replaces_existing ... ok
test local_feedback::tests::test_rollback_animation_progress ... ok
test pointer::tests::modifiers_default_is_none ... ok
test keyboard::tests::no_dispatch_when_focus_is_none ... ok
test pointer::tests::context_menu_event_carries_required_fields ... ok
test keyboard::tests::character_event_basic_unicode ... ok
test portal_resize::tests::accept_adapter_publish_in_flight_during_gesture_rejected_after_end ... ok
test pointer::tests::pointer_fields_roundtrip_serde ... ok
test keyboard::tests::key_down_dispatched_to_focused_node ... ok
test portal_resize::tests::accept_adapter_publish_rejected_during_gesture ... ok
test portal_resize::tests::accept_adapter_publish_stale_epoch_after_gesture_end ... ok
test portal_resize::tests::active_edge_none_when_idle_then_some_while_gesturing ... ok
test portal_resize::tests::active_resize_gesture_outranks_drag_active ... ok
test portal_resize::tests::accept_adapter_publish_ok_outside_gesture ... ok
test portal_resize::tests::active_drag_yields_grabbing ... ok
test portal_resize::tests::active_resize_gesture_pins_edge_cursor_even_off_band ... ok
test keyboard::tests::timestamp_preserved_in_key_down ... ok
test portal_resize::tests::adapter_publishes_must_be_rejected_during_gesture ... ok
test portal_resize::tests::clamped_rect_enforces_max_bounds ... ok
test portal_resize::tests::clamped_rect_stays_on_screen ... ok
test portal_resize::tests::clamped_rect_within_bounds_unchanged ... ok
test portal_resize::tests::clamped_rect_enforces_min_height ... ok
test portal_resize::tests::edge_cursor_mapping_covers_all_eight_zones ... ok
test portal_resize::tests::gesture_active_after_pointer_down ... ok
test local_feedback::tests::test_custom_press_tint_overrides_default_darken ... ok
test portal_resize::tests::gesture_inactive_after_pointer_up ... ok
test portal_resize::tests::hit_affordance_bottom_right_corner ... ok
test portal_resize::tests::hit_affordance_content_area_returns_none ... ok
test portal_resize::tests::clamped_rect_enforces_min_width ... ok
test portal_resize::tests::hit_affordance_left_edge ... ok
test portal_resize::tests::hit_affordance_outside_rect_returns_none ... ok
test portal_resize::tests::gesture_not_active_by_default ... ok
test portal_resize::tests::hit_affordance_top_edge ... ok
test portal_resize::tests::hit_affordance_top_left_corner ... ok
test portal_resize::tests::hotkey_default_axis_is_symmetric ... ok
test portal_resize::tests::hotkey_grow_increases_size ... ok
test portal_resize::tests::hotkey_height_axis_changes_height_only ... ok
test portal_resize::tests::hotkey_key_parser_from_key_code_is_layout_independent ... ok
test portal_resize::tests::hotkey_shrink_clamped_to_min_at_boundary ... ok
test portal_resize::tests::hotkey_key_parser_from_key_requires_ctrl ... ok
test portal_resize::tests::hotkey_not_consumed_when_portal_not_focused ... ok
test portal_resize::tests::hotkey_shrink_decreases_size ... ok
test portal_resize::tests::hotkey_shrink_keeps_top_left_anchored ... ok
test portal_resize::tests::hotkey_width_axis_changes_width_only ... ok
test portal_resize::tests::hotkey_width_axis_clamped_to_display_edge ... ok
test portal_resize::tests::hotkey_width_axis_clamped_to_min_at_boundary ... ok
test portal_resize::tests::hotkey_width_axis_not_consumed_when_unfocused ... ok
test portal_resize::tests::gesture_snapshot_has_gesture_active_false_on_end ... ok
test portal_resize::tests::shell_reserved_alt_modifier_never_reserved ... ok
test portal_resize::tests::hit_affordance_right_edge ... ok
test portal_resize::tests::move_event_without_active_gesture_returns_idle ... ok
test portal_resize::tests::hover_over_right_edge_yields_ew_resize ... ok
test portal_resize::tests::hover_over_top_left_corner_yields_nwse_resize ... ok
test portal_resize::tests::resize_clamps_to_min_width_when_dragging_too_far ... ok
test portal_resize::tests::resize_delta_uses_initial_rect_not_accumulated ... ok
test portal_resize::tests::resize_edge_affects_correct_sides ... ok
test portal_resize::tests::resize_edge_takes_priority_over_drag_handle ... ok
test portal_resize::tests::hit_affordance_bottom_edge ... ok
test portal_resize::tests::hover_interior_with_no_affordance_yields_default_arrow ... ok
test portal_resize::tests::left_edge_resize_grows_width_leftward ... ok
test portal_resize::tests::no_focused_portal_and_no_gesture_yields_default ... ok
test portal_resize::tests::hover_over_drag_handle_without_edge_yields_grab ... ok
test portal_resize::tests::right_edge_resize_grows_width_rightward ... ok
test portal_resize::tests::opposite_edges_share_a_cursor_axis ... ok
test portal_resize::tests::shell_reserved_arbitrary_key_not_reserved ... ok
test portal_resize::tests::shell_reserved_bare_keys_without_ctrl_not_reserved ... ok
test portal_resize::tests::shell_reserved_ctrl_digit_tab_jump ... ok
test portal_resize::tests::shell_reserved_ctrl_shift_m_mute ... ok
test portal_resize::tests::tracker_restores_to_default_exactly_once ... ok
test portal_resize::tests::shell_reserved_ctrl_shift_p_pairing_and_no_monitor_cycle ... ok
test portal_resize::tests::tracker_starts_at_default_and_suppresses_redundant_default ... ok
test scroll::tests::follow_tail_advances_by_whole_lines_on_append ... ok
test portal_resize::tests::shell_reserved_ctrl_shift_escape_safe_mode ... ok
test scroll::tests::follow_tail_offset_clamped_to_tail ... ok
test scroll::tests::follow_tail_offset_fractional_line_below_threshold_unchanged ... ok
test scroll::tests::follow_tail_offset_one_line_advance ... ok
test portal_resize::tests::shell_reserved_ctrl_tab_navigation ... ok
test scroll::tests::follow_tail_offset_zero_delta_returns_unchanged ... ok
test scroll::tests::follow_tail_single_line_append_advances_exactly_one_line ... ok
test scroll::tests::head_trim_at_tail_does_not_change_offset ... ok
test scroll::tests::follow_tail_offset_zero_line_height_returns_unchanged ... ok
test scroll::tests::head_trim_scrolled_back_adjusts_offset_by_removed_height ... ok
test scroll::tests::head_trim_updates_content_height_fields_for_correct_append_delta ... ok
test scroll::tests::reset_to_tail_is_noop_when_already_at_tail ... ok
test scroll::tests::head_trim_clamps_offset_to_zero_when_removal_exceeds_offset ... ok
test portal_resize::tests::shell_reserved_does_not_claim_portal_resize_keys ... ok
test scroll::tests::reset_to_tail_unregistered_tile_is_noop ... ok
test scroll::tests::scrolled_back_append_does_not_disturb_viewport ... ok
test scroll::tests::reset_to_tail_forces_scrolled_back_tile_to_tail ... ok
test scroll::tests::test_agent_request_applied_when_no_user_scroll ... ok
test portal_resize::tests::tracker_emits_only_on_change ... ok
test scroll::tests::scrolled_back_then_scroll_to_tail_resumes_follow_tail ... ok
test scroll::tests::test_commit_tile_frame_does_not_consume_other_tile_updates ... ok
test scroll::tests::test_content_height_clamp ... ok
test scroll::tests::test_input_to_local_ack_p99_within_budget_scroll ... ok
test scroll::tests::test_scroll_axis_lock_ignores_locked_axis ... ok
test scroll::tests::test_queue_request_before_registration_is_applied_after_register ... ok
test scroll::tests::test_user_scroll_takes_priority_over_agent_request ... ok
test scroll_indicator::tests::geometry_width_matches_token_width ... ok
test scroll_indicator::tests::indicator_present_when_overflowing ... ok
test scroll::tests::test_scroll_vertical_updates_offset_y ... ok
test scroll::tests::total_content_height_px_tracks_appended_content ... ok
test scroll_indicator::tests::no_indicator_when_content_shorter_than_viewport ... ok
test scroll_indicator::tests::no_indicator_when_content_fits_in_viewport ... ok
test scroll_indicator::tests::overshoot_scroll_offset_clamped_to_max ... ok
test scroll_indicator::tests::thumb_at_bottom_when_scrolled_to_end ... ok
test scroll::tests::test_scroll_offset_no_negative ... ok
test scroll_indicator::tests::thumb_at_midpoint_when_half_scrolled ... ok
test portal_resize::tests::snapshot_sequence_is_monotonically_increasing ... ok
test scroll_indicator::tests::thumb_at_top_when_scroll_offset_zero ... ok
test scroll::tests::test_scroll_changed_event_contains_current_offset ... ok
test scroll::tests::test_scroll_horizontal_updates_offset_x ... ok
test scroll_indicator::tests::negative_scroll_offset_clamped_to_zero ... ok
test scroll_indicator::tests::thumb_height_never_exceeds_track ... ok
test scroll_indicator::tests::thumb_never_exits_track_bounds ... ok
test scroll::tests::test_scroll_state_register_and_apply ... ok
test tests::classify_portal_focus_composer_is_normal_editing ... ok
test scroll_indicator::tests::scroll_indicator_geometry_is_content_free ... ok
test tests::classify_portal_focus_control_with_composer_sibling ... ok
test scroll_indicator::tests::thumb_height_at_least_min_thumb_height_px ... ok
test scroll::tests::test_scroll_state_commit_reports_changed_tiles ... ok
test tests::composer_character_routing_fills_draft_and_flushes_notification ... ok
test tests::click_composer_recovers_focus_from_control ... ok
test tests::composer_does_not_consume_unknown_keys ... ok
test tests::composer_draft_snapshot_reports_custom_per_node_override ... ok
test tests::composer_draft_snapshot_reports_explicit_opt_out_distinctly ... ok
test scroll::tests::test_scroll_state_non_scrollable_tile_returns_none ... ok
test tests::composer_draft_snapshot_reports_no_override_when_unset ... ok
test tests::composer_focus_lost_on_blur_flushes_pending_state ... ok
test tests::composer_submit_via_enter_produces_transactional_batch ... ok
test tests::composer_focus_gained_activates_manager ... ok
test tests::coordinate_reconciliation_total_vs_max_scroll_offset ... ok
test tests::ctrl_v_key_down_consumed_by_focused_composer ... ok
test tests::focused_composer_control_char_paste_is_consumed ... ok
test tests::recover_composer_focus_activates_and_accepts_typing ... ok
test tests::reset_tile_scroll_to_tail_forces_scrolled_back_tile_and_syncs_scene ... ok
test tests::route_pointer_selection_unchanged_when_no_composer ... ok
test tests::non_composer_focus_does_not_activate_manager ... ok
test tests::reset_tile_scroll_to_tail_unregistered_tile_is_noop ... ok
test tests::scroll_state_of_destroyed_tile_is_swept ... ok
test scroll::tests::test_scroll_state_user_wins_over_queued_agent_request ... ok
test tests::route_pointer_selection_positions_draft_cursor ... ok
test tests::scroll_state_of_destroyed_tile_is_swept_on_append_path ... ok
test tests::spec_3_2_at_tail_tile_advances_by_whole_lines_on_append ... ok
test tests::spec_3_3_scrolled_back_append_does_not_disturb_viewport ... ok
test tests::tab_cycle_returns_to_composer_within_cycle_length ... ok
test tests::focused_composer_multiline_paste_lands_in_draft_not_agent_stream ... ok
test tests::tab_traversal_focuses_composer_without_pointer ... ok
test composer_draft::tests::prop_cursor_is_valid_utf8_boundary ... ok
test tests::no_composer_focus_route_character_returns_unchanged ... ok
test tests::test_capture_theft_sends_cancel_then_released ... ok
test tests::test_dispatch_activated_on_press_release ... ok
test tests::header_band_drag_activates_immediately_grip_still_requires_long_press ... ok
test tests::test_dispatch_pointer_down ... ok
test tests::test_dispatch_pointer_enter_on_first_hover ... ok
test tests::test_dispatch_move_while_hovering ... ok
test tests::test_dispatch_pointer_leave_on_exit ... ok
test tests::test_dispatch_pointer_up_outside_pressed_node ... ok
test tests::test_capture_denied_when_device_already_captured ... ok
test tests::test_agent_silence_does_not_rollback ... ok
test tests::test_local_patch_hover_off_on_leave ... ok
test tests::test_keyboard_scroll_local_update_before_agent_event ... ok
test tests::test_local_patch_hover_on_enter ... ok
test tests::test_no_dispatch_when_no_hit ... ok
test tests::test_auto_capture_on_pointer_down ... ok
test tests::test_local_patch_produced_on_pointer_up ... ok
test tests::test_process_keyboard_scroll_non_scrollable_tile_returns_none ... ok
test tests::test_local_ack_under_4ms ... ok
test tests::test_local_patch_produced_on_pointer_down ... ok
test tests::test_explicit_capture_release_by_agent ... ok
test tests::test_process_keyboard_scroll_pgup_clamped_at_zero ... ok
test tests::test_keyboard_scroll_coalesces_like_wheel_scroll ... ok
test tests::test_local_patch_empty_when_no_state_change ... ok
test tests::test_pointer_leave_not_dropped_on_node_to_node_transition ... ok
test tests::test_press_and_activate ... ok
test tests::test_apply_agent_rejection_produces_rollback_patch ... ok
test tests::test_capture_not_released_on_up_when_flag_false ... ok
test tests::test_capture_released_on_pointer_up_when_release_on_up_true ... ok
test tests::test_process_keyboard_scroll_pgdn_then_pgup ... ok
test tests::test_process_keyboard_scroll_pgdn_scrolls_down ... ok
test tests::test_process_keyboard_scroll_unknown_focused_tile_returns_none ... ok
test tests::test_hover_state_updates ... ok
test tests::test_process_scroll_event_updates_scene_local_offset ... ok
test tests::test_release_when_no_capture_returns_none ... ok
test tests::test_scroll_local_update_before_agent_event ... ok
test tests::test_two_devices_captured_independently ... ok
test tests::test_user_scroll_is_authoritative_over_queued_adapter_offset ... ok
test tests::test_capture_routes_events_outside_capturing_tile_bounds ... ok
test tests::tile_total_content_height_px_supports_incremental_append_callers ... ok
test composer_draft::tests::prop_text_never_exceeds_cap ... ok
test composer_draft::tests::prop_submitted_text_equals_local_buffer ... ok

test result: ok. 404 passed; 0 failed; 0 ignored; 0 measured; 0 filtered out; finished in 0.03s

     Running unittests src/lib.rs (/home/orca/orca/projects/tze-hud/target/debug/deps/tze_hud_mcp-c33dc76ccd6b0d9b)

running 42 tests
test error::tests::portal_refusals_map_to_shared_codes ... ok
test error::tests::tool_error_json_is_code_and_hint ... ok
test schema::tests::tools_list_stays_within_token_budget ... ok
test schema::tests::exactly_five_tools ... ok
test schema::tests::tools_list_properties_match_params_structs ... ok
test error::tests::error_codes_are_unique_and_documented ... ok
test server::tests::delay_beyond_horizon_is_timestamp_too_future ... ok
test server::tests::bare_tool_methods_are_gone ... ok
test server::tests::action_presses_are_delivered_until_acked ... ok
test server::tests::clear_removes_own_zone_content ... ok
test server::tests::clear_of_last_pending_publish_drops_the_wake_deadline ... ok
test server::tests::malformed_json_is_parse_error ... ok
test server::tests::disallowed_surface_returns_not_allowed_with_hint ... ok
test server::tests::hold_extends_and_requires_a_holding ... ok
test server::tests::initialize_handshake_and_tools_list ... ok
test server::tests::publish_uses_identity_namespace ... ok
test server::tests::clear_cancels_only_own_pending_delayed_publish ... ok
test server::tests::missing_or_unknown_psk_is_unauthenticated ... ok
test server::tests::status_bar_keys_merge_and_update ... ok
test server::tests::portal_without_authority_is_unavailable ... ok
test server::tests::hold_retimes_own_pending_delayed_publish ... ok
test server::tests::every_returned_code_is_in_the_closed_set ... ok
test server::tests::resume_restores_mcp_publishing ... ok
test server::tests::bad_arguments_are_invalid_argument_tool_errors ... ok
test server::tests::mcp_lease_is_reused_across_publishes ... ok
test server::tests::hud_publish_in_safe_mode_returns_safe_mode_active ... ok
test server::tests::delayed_notification_expiry_matches_immediate ... ok
test server::tests::portal_output_too_large_is_content_rejected ... ok
test server::tests::swapping_shared_agents_admits_a_new_psk_on_the_next_request ... ok
test server::tests::test_hud_publish_zone_ttl_sets_content_expiry_and_is_swept ... ok
test server::tests::test_structured_error_has_hint_field ... ok
test server::tests::surfaces_lists_only_allowed_surfaces ... ok
test server::tests::safe_mode_does_not_regrant_suspended_mcp_lease ... ok
test server::tests::zone_publish_returns_only_ok_and_expiry ... ok
test server::tests::notification_ttl_zero_is_held_and_hold_retimes_it ... ok
test server::tests::structured_zone_content_infers_type_and_accepts_body ... ok
test server::tests::unknown_tool_is_a_protocol_error ... ok
test server::tests::widget_publish_hold_clear ... ok
test server::tests::surfaces_report_holdings_compactly ... ok
test server::tests::test_hud_publish_zone_contention_policy_latest_wins ... ok
test server::tests::delay_ms_holds_content_until_due ... ok
test server::tests::portal_flow_attach_publish_poll_ack_clear ... ok

test result: ok. 42 passed; 0 failed; 0 ignored; 0 measured; 0 filtered out; finished in 0.00s

     Running unittests src/lib.rs (/home/orca/orca/projects/tze-hud/target/debug/deps/tze_hud_projection-2de622ab7d035808)

running 209 tests
test hub::tests::clear_frees_id_for_fresh_attach ... ok
test hub::tests::hold_ttl_outlives_reap_window_then_lapses ... ok
test hub::tests::hold_zero_never_degrades ... ok
test hub::tests::idle_portal_degrades_at_30s_and_reclaims_30s_later ... ok
test hub::tests::input_redelivered_until_acked ... ok
test hub::tests::key_replaces_newest_unit_with_same_key ... ok
test hub::tests::poll_or_hold_refreshes_liveness ... ok
test hub::tests::input_caps_and_ttl_expiry ... ok
test hub::tests::publish_attaches_implicitly_and_lists_for_owner_only ... ok
test hub::tests::same_portal_id_different_agents_are_distinct ... ok
test hub::tests::take_due_paces_renders_at_the_render_interval ... ok
test portal_cadence::tests::build_burst_meets_size ... ok
test portal_cadence::tests::build_sustained_stream_meets_rate ... ok
test portal_cadence::tests::drain_all_returns_round_robin_order ... ok
test portal_cadence::tests::byte_cap_drops_oldest_head_content_not_tail ... ok
test portal_cadence::tests::fairness_probe_fails_on_starvation ... ok
test portal_cadence::tests::latest_wins_coalescing ... ok
test portal_cadence::tests::portal_removal_clears_pending ... ok
test portal_cadence::tests::fairness_probe_passes_balanced_counts ... ok
test portal_cadence::tests::round_robin_two_portals ... ok
test hub::tests::transcript_retention_trims_head_past_256k_keeps_16k_visible ... ok
test portal_cadence::tests::stale_sequence_dropped ... ok
test portal_cadence::tests::single_portal_snapshot_roundtrip ... ok
test portal_cadence::tests::workload_window_tracking ... ok
test resident_grpc::tests::active_draft_not_duplicated_in_markdown_composer_line ... ok
test portal_cadence::tests::work_conserving_no_idle_under_load ... ok
test resident_grpc::tests::apply_tail_reserved_truncation_degenerate_tail_alone_exceeds_budget_head_wins_nothing ... ok
test resident_grpc::tests::agent_activity_cue_suppressed_in_non_writing_states ... ok
test resident_grpc::tests::at_capacity_draft_marks_capacity_without_draft_text ... ok
test resident_grpc::tests::apply_tail_reserved_truncation_is_byte_identical_no_op_when_under_cap ... ok
test resident_grpc::tests::clamp_utf8_borrows_at_valid_character_boundary ... ok
test resident_grpc::tests::adapter_supplied_text_cannot_forge_the_arrival_stamp ... ok
test resident_grpc::tests::composer_at_capacity_adds_no_color_run_to_markdown_node ... ok
test resident_grpc::tests::composer_status_line_stays_last_under_large_input_history ... ok
test resident_grpc::tests::composer_status_line_stays_last_with_pending_input_and_feedback ... ok
test portal_cadence::tests::snapshot_bytes_clamped_to_max ... ok
test resident_grpc::tests::awaiting_reply_cue_gates_on_last_unit_expects_reply ... ok
test resident_grpc::tests::connecting_treatment_is_distinct_from_degraded ... ok
test resident_grpc::tests::degraded_state_shows_disconnect_badge_even_when_redacted ... ok
test portal_cadence::tests::round_robin_fairness_under_equal_rates ... ok
test resident_grpc::tests::empty_state_replaces_literal_placeholder_with_token_styled_ready_line ... ok
test resident_grpc::tests::disconnect_badge_takes_precedence_over_a_conflicting_lifecycle_state ... ok
test resident_grpc::tests::degraded_state_uses_dim_transcript_colors ... ok
test resident_grpc::tests::delivery_cue_renders_three_classes_and_is_absent_without_state ... ok
test resident_grpc::tests::empty_state_suppresses_inviting_copy_under_redaction ... ok
test resident_grpc::tests::empty_state_yields_to_connecting_when_never_connected ... ok
test portal_cadence::tests::stale_sequence_rejected_after_drain ... ok
test resident_grpc::tests::connecting_treatment_is_redaction_independent ... ok
test resident_grpc::tests::empty_state_yields_to_first_content ... ok
test resident_grpc::tests::agent_activity_clear_deadline_matches_active_predicate ... ok
test resident_grpc::tests::default_projected_portal_font_sizes_are_readable ... ok
test resident_grpc::tests::apply_tail_reserved_truncation_reserves_tail_and_truncates_only_head_when_over_cap ... ok
test resident_grpc::tests::expanded_portal_node_materializes_native_two_pane_chrome ... ok
test resident_grpc::tests::grouped_granularity_coalesces_consecutive_same_minute_turns ... ok
test resident_grpc::tests::agent_activity_cue_present_while_appending_and_quiesces_after_window ... ok
test resident_grpc::tests::degraded_state_clears_composer_ready_signal ... ok
test resident_grpc::tests::lifecycle_state_drives_distinct_token_accent_runs ... ok
test resident_grpc::tests::degraded_state_emits_stale_marker_color_run ... ok
test resident_grpc::tests::live_state_falls_back_to_ordinary_lifecycle_accent ... ok
test resident_grpc::tests::jump_to_latest_unread_count_rides_state_stream_tile_update ... ok
test resident_grpc::tests::native_input_pane_preserves_composer_status_at_history_bound ... ok
test resident_grpc::tests::lifecycle_accent_rides_state_stream_tile_update_not_add_node ... ok
test resident_grpc::tests::per_turn_granularity_stamps_every_turn_from_arrival_metadata ... ok
test resident_grpc::tests::degraded_state_emits_content_free_disconnect_marker_under_redaction ... ok
test resident_grpc::tests::portal_markdown_input_band_absent_when_input_history_empty ... ok
test resident_grpc::tests::portal_markdown_renders_unread_divider_and_clears_on_tail_view ... ok
test resident_grpc::tests::portal_markdown_renders_input_band_separate_from_output_transcript ... ok
test resident_grpc::tests::portal_node_attributes_non_assistant_turns_with_token_span ... ok
test resident_grpc::tests::portal_node_all_assistant_transcript_has_no_attribution_runs ... ok
test resident_grpc::tests::portal_node_carries_explicit_root_id ... ok
test resident_grpc::tests::off_granularity_renders_no_timestamps ... ok
test resident_grpc::tests::portal_node_reflects_lifecycle_transition ... ok
test resident_grpc::tests::portal_surface_declaration_maps_expanded_parts_and_identity ... ok
test resident_grpc::tests::portal_surface_declaration_collapsed_declares_card ... ok
test resident_grpc::tests::portal_surface_declaration_requires_recorded_tile ... ok
test resident_grpc::tests::portal_surface_header_and_gap_honor_default_spacing_tokens ... ok
test resident_grpc::tests::portal_markdown_turn_spans_stay_within_bounds_when_transcript_exceeds_cap ... ok
test resident_grpc::tests::portal_surface_header_and_gap_track_token_overrides ... ok
test resident_grpc::tests::portal_visual_tokens_from_part_tokens_maps_activity_and_cursor_fields ... ok
test resident_grpc::tests::portal_visual_tokens_from_part_tokens_maps_awaiting_reply_color ... ok
test resident_grpc::tests::portal_visual_tokens_from_part_tokens_maps_connecting_marker_color ... ok
test resident_grpc::tests::portal_output_markdown_keeps_newest_turn_when_formatting_exceeds_wire_cap ... ok
test resident_grpc::tests::portal_visual_tokens_from_part_tokens_maps_degraded_fields ... ok
test resident_grpc::tests::portal_visual_tokens_from_part_tokens_maps_delivery_fields ... ok
test resident_grpc::tests::portal_visual_tokens_from_part_tokens_maps_empty_state_color ... ok
test resident_grpc::tests::portal_markdown_composer_and_input_status_survive_verbatim_when_transcript_exceeds_cap ... ok
test resident_grpc::tests::portal_visual_tokens_from_part_tokens_maps_lifecycle_fields ... ok
test resident_grpc::tests::portal_visual_tokens_from_part_tokens_maps_timestamp_fields ... ok
test resident_grpc::tests::portal_visual_tokens_from_part_tokens_maps_unread_divider_color ... ok
test resident_grpc::tests::portal_visual_tokens_from_part_tokens_maps_unread_indicator_color ... ok
test resident_grpc::tests::render_batch_alone_is_raw_tile_escape_hatch ... ok
test resident_grpc::tests::render_batch_does_not_emit_composer_hit_region_when_interaction_disabled ... ok
test resident_grpc::tests::render_batch_emits_composer_hit_region_when_interaction_enabled ... ok
test resident_grpc::tests::render_batch_sizes_body_to_resized_bounds_when_present ... ok
test resident_grpc::tests::render_batch_with_surface_declares_once_and_preserves_raw_tiles ... ok
test resident_grpc::tests::render_batch_with_surface_redeclares_on_presentation_change ... ok
test resident_grpc::tests::render_batch_with_surface_redeclares_when_resized_bounds_change ... ok
test resident_grpc::tests::streaming_cursor_marker_pins_to_node_content_end_at_latest_turn_tail ... ok
test resident_grpc::tests::render_batch_with_surface_redeclares_on_spacing_token_swap ... ok
test resident_grpc::tests::timestamp_color_runs_absent_when_off_collapsed_or_empty ... ok
test resident_grpc::tests::timestamp_color_runs_are_zero_length_token_sentinels_when_enabled ... ok
test resident_grpc::tests::transcript_spans_slice_each_turns_text_and_match_string ... ok
test resident_grpc::tests::turn_attribution_runs_clamp_to_content_len ... ok
test resident_grpc::tests::turn_attribution_absent_for_empty_transcript ... ok
test resident_grpc::tests::portal_visual_tokens_map_spacing_geometry ... ok
test resident_grpc::tests::turn_uses_system_attribution_classifies_kinds ... ok
test resident_grpc::tests::unread_divider_boundary_clamps_to_oldest_retained_when_count_exceeds_window ... ok
test resident_grpc::tests::unread_divider_boundary_is_none_without_agent_turn ... ok
test resident_grpc::tests::unread_divider_boundary_is_none_without_unread ... ok
test resident_grpc::tests::unread_divider_boundary_marks_oldest_unseen_agent_turn ... ok
test resident_grpc::tests::unread_divider_boundary_uses_visible_count_not_aggregate ... ok
test resident_grpc::tests::unread_divider_boundary_skips_viewer_echo ... ok
test resident_grpc::tests::unread_divider_color_runs_absent_in_collapsed_and_empty ... ok
test resident_grpc::tests::unread_divider_color_runs_emit_zero_length_token_sentinel ... ok
test resident_grpc::tests::visible_transcript_markdown_clamps_each_unit_without_collecting_lines ... ok
test resident_grpc::tests::unread_output_count_renders_ambient_indicator_only_when_nonzero ... ok
test resident_grpc::tests::visible_transcript_markdown_inserts_unread_divider_before_boundary ... ok
test resident_grpc::tests::wall_clock_arrival_formats_at_minute_precision_utc ... ok
test tests::accepted_portal_input_echoes_viewer_unit_into_input_history ... ok
test tests::acknowledged_portal_input_schedules_state_render_without_output ... ok
test tests::acknowledgement_and_detach_cleanup_update_projected_portal_state ... ok
test tests::agent_liveness_deadline_exposes_the_first_required_idle_sweep ... ok
test tests::agent_liveness_authenticated_projection_operations_refresh_and_recover ... ok
test tests::agent_liveness_gap_degrades_portal_without_escalating_attention ... ok
test tests::agent_liveness_threshold_is_bounded_and_has_a_safe_default ... ok
test tests::attach_hud_target_hint_is_persisted_and_surfaced_in_projected_portal_state ... ok
test tests::attach_at_expiry_starts_fresh_session_with_fresh_ttl ... ok
test tests::attach_materializes_content_layer_projected_portal_and_reuses_idempotently ... ok
test tests::attach_without_hud_target_defaults_to_none ... ok
test tests::authenticated_session_takeover_drops_advisory_lease ... ok
test tests::bounded_copy_preserves_utf8_boundaries ... ok
test tests::coalesce_equal_sequence_does_not_replace ... ok
test tests::bridged_jump_to_latest_badge_reflects_unread_and_ignores_viewer_echo ... ok
test tests::byte_bounded_polling_keeps_the_fifo_prefix_after_the_first_overflow ... ok
test tests::coalesce_first_snapshot_is_stored ... ok
test tests::coalesce_key_final_state_reappears_after_drain_without_fresh_append ... ok
test tests::coalesce_newer_snapshot_replaces_older ... ok
test tests::coalesce_key_successive_in_place_updates_stay_in_oracle ... ok
test tests::coalesce_older_snapshot_does_not_replace_newer ... ok
test tests::connection_degraded_latches_until_real_reconnect_not_owner_traffic ... ok
test tests::connection_degraded_survives_redaction ... ok
test tests::cross_projection_read_fails_closed ... ok
test tests::collapsed_redacted_projection_preserves_geometry_and_suppresses_private_affordances ... ok
test tests::default_bounds_match_projection_spec_values ... ok
test tests::default_and_oversized_byte_poll_requests_keep_byte_backpressure ... ok
test tests::deferred_input_redelivers_after_not_before_and_expires_before_delivery ... ok
test tests::degraded_state_forces_interaction_disabled ... ok
test tests::default_and_oversized_item_poll_requests_return_32_small_fifo_inputs ... ok
test tests::expects_reply_round_trips_from_publish_output_to_projected_portal_state ... ok
test tests::geometry_batch_not_re_delivered_without_new_push ... ok
test tests::geometry_batch_surfaced_after_push_and_cleared_after_consume ... ok
test tests::geometry_batch_not_surfaced_before_first_push ... ok
test tests::heartbeat_requires_live_connection_and_is_monotonic ... ok
test tests::idempotent_attach_replay_preserves_original_token_expiry ... ok
test tests::idempotent_attach_replay_rotates_owner_token_and_invalidates_previous_token ... ok
test tests::input_history_and_output_transcript_survive_reconnect ... ok
test tests::input_history_is_bounded_newest_fit_evicting_oldest ... ok
test tests::latest_viewer_delivery_state_flows_into_projected_portal_state ... ok
test tests::latest_viewer_delivery_state_redacts_above_clearance_back_item ... ok
test tests::list_bound_must_be_non_zero ... ok
test tests::logical_unit_id_cache_is_bounded ... ok
test tests::logical_unit_id_replay_is_idempotent ... ok
test tests::not_before_is_rejected_for_terminal_acknowledgements ... ok
test tests::list_projections_is_caller_scoped_bounded_and_content_free ... ok
test tests::owner_degraded_lifecycle_is_not_overwritten_by_connection_or_output ... ok
test tests::owner_poll_without_delivery_transition_schedules_no_repaint ... ok
test tests::oversized_output_is_rejected_with_stable_code ... ok
test tests::owner_poll_delivery_transition_schedules_portal_repaint ... ok
test tests::pending_input_bounds_and_acknowledgement_state_conflicts_are_enforced ... ok
test tests::poll_response_bound_equal_to_input_item_bound_is_valid ... ok
test tests::poll_response_bound_must_cover_each_accepted_input_item ... ok
test tests::pending_input_expiry_sweep_schedules_idle_portal_state_update ... ok
test tests::portal_composer_submission_is_transactional_bounded_inbox_feedback ... ok
test tests::portal_next_due_at_us_returns_none_for_unknown_projection ... ok
test tests::portal_next_due_at_us_returns_wait_hint_when_rate_limited ... ok
test tests::portal_submission_default_ttl_overflow_is_rejected_not_panicked ... ok
test tests::portal_next_due_at_us_returns_none_when_no_pending_entry ... ok
test tests::projected_portal_state_sets_connection_degraded_when_hud_unavailable ... ok
test tests::projection_private_state_is_memory_only_and_purged_on_detach_cleanup_and_expiry ... ok
test tests::push_geometry_snapshot_rejects_unknown_session ... ok
test tests::projected_portal_contract_has_no_terminal_or_process_authority ... ok
test tests::provider_kind_does_not_change_projection_semantics ... ok
test tests::rate_limited_viewer_echo_is_drained_and_stays_unread_zero ... ok
test tests::reconnect_continues_in_progress_unit_in_place_via_coalesce_key ... ok
test tests::ready_portal_update_can_be_taken_without_spending_another_rate_slot ... ok
test tests::reconnect_preserves_transcript_inbox_ack_state_and_requires_new_lease ... ok
test tests::reconnect_resumes_from_retained_window_and_clears_stale_treatment ... ok
test tests::repeated_idempotent_attach_replays_leave_exactly_one_current_verifier ... ok
test tests::reconnect_materializes_only_bounded_visible_window ... ok
test tests::reconnect_replayed_logical_unit_id_stays_idempotent ... ok
test tests::same_session_reconnect_preserves_advisory_lease ... ok
test tests::schema_uses_required_wall_clock_and_owner_token_fields ... ok
test tests::stale_or_overbroad_lease_identity_cannot_authorize_republish ... ok
test tests::submit_portal_input_echoes_viewer_text_into_input_history ... ok
test tests::submit_portal_input_rejected_does_not_append_transcript_unit ... ok
test tests::stale_to_live_transition_respects_redaction_every_frame ... ok
test tests::successful_attach_issues_high_entropy_token_and_stores_only_verifier ... ok
test tests::status_only_publish_marks_portal_due_for_refresh ... ok
test tests::terminal_pending_input_is_pruned_without_losing_ack_replay ... ok
test tests::unread_output_count_flows_through_to_projected_portal_state_when_revealed ... ok
test tests::viewer_kind_publish_is_rejected_at_contract_layer ... ok
test tests::transcript_pruning_and_portal_update_rate_coalescing_are_bounded ... ok
test tests::token_expiry_fails_with_stable_code ... ok
test tests::unrelated_attach_keys_cannot_rotate_or_mint_owner_tokens ... ok
test tests::stable_error_code_set_is_append_only_wire_shape ... ok
test tests::visible_unread_output_count_excludes_clearance_filtered_unread_turns ... ok
test tests::coalesce_latest_wins_monotone ... ok
test tests::lifecycle_state_machine_never_reuses_stale_connection_or_lease ... ok
test tests::pending_input_polling_is_fifo_and_bounded ... ok

test result: ok. 209 passed; 0 failed; 0 ignored; 0 measured; 0 filtered out; finished in 0.01s

     Running unittests src/lib.rs (/home/orca/orca/projects/tze-hud/target/debug/deps/tze_hud_protocol-3005da36ff1d77b9)

running 204 tests
test auth::tests::test_empty_credential_fails ... ok
test auth::tests::test_local_socket_credential_accepted_loopback_v6 ... ok
test auth::tests::test_local_socket_credential_accepted_loopback_127_0_0_2 ... ok
test auth::tests::test_local_socket_credential_rejected_ipv4_mapped_loopback ... ok
test auth::tests::test_local_socket_credential_accepted_loopback_v4 ... ok
test auth::tests::test_psk_credential_failure ... ok
test auth::tests::test_version_negotiation_exact_match ... ok
test auth::tests::test_local_socket_credential_rejected_lan_peer ... ok
test auth::tests::test_local_socket_credential_rejected_unknown_peer ... ok
test auth::tests::test_local_socket_credential_rejected_tailnet_peer ... ok
test auth::tests::test_version_negotiation_success ... ok
test auth::tests::test_psk_credential_success ... ok
test auth::tests::test_version_negotiation_unset_treated_as_v1 ... ok
test auth::tests::test_version_negotiation_no_overlap ... ok
test auth::tests::test_version_negotiation_agent_below_runtime ... ok
test convert::tests::input_mode_capture_round_trip ... ok
test convert::tests::input_mode_local_only_round_trip ... ok
test convert::tests::input_mode_passthrough_round_trip ... ok
test convert::tests::color_runs_round_trip_proto_scene_proto ... ok
test convert::tests::input_mode_unspecified_maps_to_capture ... ok
test convert::tests::portal_state_patch_unspecified_means_unchanged ... ok
test convert::tests::hit_region_update_node_content_path_carries_accepts_composer_input ... ok
test convert::tests::portal_surface_conversion_rejects_unspecified_part_kind ... ok
test convert::tests::portal_surface_conversion_rejects_bad_node_length ... ok
test convert::tests::resource_id_proto_rejects_wrong_length ... ok
test convert::tests::scene_id_proto_rejects_wrong_length ... ok
test convert::tests::scene_id_null_proto_round_trip ... ok
test convert::tests::text_overflow_wire_mapping ... ok
test convert::tests::widget_param_value_wire_mapping ... ok
test convert::tests::hit_region_accepts_composer_input_round_trips_scene_to_proto ... ok
test convert::tests::hit_region_proto_accepts_composer_input_defaults_false ... ok
test convert::tests::scene_id_proto_round_trip ... ok
test convert::tests::hit_region_proto_to_scene_carries_accepts_composer_input ... ok
test convert::tests::empty_children_flat_conversion_matches_proto_node_to_scene ... ok
test convert::tests::portal_surface_scene_proto_round_trip_preserves_all_fields ... ok
test lease::tests::test_correlation_cache_zero_capacity_is_noop ... ok
test lease::tests::test_correlation_cache_miss_on_new_sequence ... ok
test convert::tests::resource_id_proto_round_trip ... ok
test lease::tests::test_correlation_cache_hit_after_insert ... ok
test lease::tests::test_correlation_cache_evicts_oldest_when_full ... ok
test convert::tests::node_layout_round_trips_proto_scene_proto ... ok
test convert::tests::nested_children_flatten_root_first_with_linked_ids ... ok
test convert::tests::resource_id_proto_bytes_are_raw_not_hex ... ok
test convert::tests::test_static_image_proto_preserves_resource_id ... ok
test convert::tests::test_static_image_proto_roundtrip_all_fit_modes ... ok
test dedup::tests::test_fifo_eviction_on_capacity ... ok
test convert::tests::test_static_image_proto_roundtrip_contain ... ok
test dedup::tests::test_basic_insert_lookup ... ok
test dedup::tests::test_created_ids_preserved ... ok
test convert::tests::proto_scene_proto_round_trip_preserves_nested_children ... ok
test dedup::tests::test_re_insert_after_expiry_treated_as_new ... ok
test session_server::lease_expiry_bus::tests::dropped_receiver_unregisters_without_waiting_for_an_expiry ... ok
test dedup::tests::test_ttl_expiry ... ok
test dedup::tests::test_different_ids_do_not_collide ... ok
test lease::tests::test_correlation_cache_overwrite_keeps_order ... ok
test session_server::tests::events::test_reset_geometry_override_noop_for_unknown_element ... ok
test session_server::tests::events::test_reset_geometry_override_clears_override_and_returns_previous ... ok
test session_server::tests::events::test_reset_geometry_override_carries_correct_previous_and_new ... ok
test session_server::tests::events::test_reset_geometry_override_noop_when_no_override ... ok
test session_server::lease_expiry_bus::tests::terminal_notice_is_durable_for_a_slow_connected_handler ... ok
test session_server::degradation_notice_bus::tests::degradation_coalesces_only_the_state_stream_gate ... ok
test session_server::degradation_notice_bus::tests::subscribe_captures_current_before_future_transitions ... ok
test session_server::degradation_notice_bus::tests::full_queue_backpressures_instead_of_dropping_notice ... ok
test session_server::tests::events::transactional_input_is_not_enqueued_for_an_unrelated_namespace ... ok
test session_server::degradation_notice_bus::tests::dropped_receiver_unregisters_only_its_own_lane_without_a_transition ... ok
test session_server::tests::events::transactional_command_input_does_not_lag_under_receiver_backpressure ... ok
test session_server::tests::events::new_session_receives_existing_degradation_after_snapshot ... ok
test session_server::tests::invariants::grpc_zone_publish_expires_at_is_swept ... ok
test session_server::tests::invariants::grpc_zone_publish_present_at_is_held_until_due ... ok
test session_server::tests::invariants::grpc_batch_present_at_holds_content_until_due ... ok
test session_server::tests::invariants::grpc_batch_expires_at_sweeps_tile ... ok
test session_server::tests::invariants::grpc_zone_publish_ttl_sets_expiry_and_is_swept ... ok
test session_server::tests::lease::test_lease_expiry_scenario_initial_grant ... ok
test session_server::tests::lease::test_lease_acquire_sends_lease_response ... ok
test session_server::tests::lease::test_lease_id_is_16_byte_uuidv7 ... ok
test session_server::tests::lease::test_lease_over_stream ... ok
test session_server::tests::lease::test_lease_retransmit_correlation_returns_cached_response ... ok
test session_server::tests::events::viewer_dismiss_tile_pushes_reclaimed_override ... ok
test session_server::tests::allow::zone_publish_outside_allow_list_rejected ... ok
test session_server::tests::invariants::grpc_grace_expiry_reclaims_orphaned_lease_and_rejects_resume ... ok
test session_server::tests::invariants::grpc_resume_within_grace_restores_same_lease_and_tile ... ok
test session_server::tests::invariants::grpc_disconnect_orphans_leases_and_badges_tiles ... ok
test session_server::tests::events::test_degradation_notice_broadcast_to_active_session ... ok
test session_server::tests::lease::test_mutation_rejected_with_expired_lease_id ... ok
test session_server::tests::lifecycle_verbs::claim_tile_is_one_round_trip_with_root_and_ids ... ok
test session_server::tests::allow::claim_tile_without_tiles_allow_rejected ... ok
test session_server::tests::allow::clear_outside_allow_list_rejected ... ok
test session_server::tests::allow::claim_tile_with_tiles_allow_accepted ... ok
test session_server::tests::allow::internal_mutations_rejected_from_agents ... ok
test session_server::tests::lifecycle_verbs::claim_tile_retransmit_replays_cached_result ... ok
test session_server::tests::events::test_frame_presented_delivered_to_telemetry_subscriber ... ok
test session_server::tests::render_wake::successful_mutation_apply_wakes_before_capacity_one_response_send ... ok
test session_server::tests::events::short_ttl_expiry_reaches_owning_connected_agent_once_after_cleanup ... ok
test session_server::tests::events::test_element_repositioned_delivered_to_scene_topology_subscriber ... ok
test session_server::tests::lifecycle_verbs::clear_zone_publication ... ok
test session_server::tests::lifecycle_verbs::hold_and_clear_reach_a_pending_delayed_publish ... ok
test session_server::tests::lifecycle_verbs::hold_and_clear_tile ... ok
test session_server::tests::resource_upload::uploaded_resource_notifies_after_the_parked_checkpoint ... ok
test session_server::tests::lifecycle_verbs::hold_zone_publication ... ok
test session_server::tests::lease::test_disconnect_with_active_leases_no_panic ... ok
test session_server::tests::resume::test_bogus_token_rejected_with_grace_expired ... ok
test session_server::tests::lifecycle_verbs::publish_to_unknown_zone_names_the_zone ... ok
test session_server::tests::portal::test_recreated_portal_tile_adopts_orphaned_durable_override ... ok
test session_server::tests::safe_mode::test_fifo_preserved_when_mutation_arrives_during_drain_window ... ok
test session_server::tests::render_wake::rejected_zone_publish_does_not_wake_the_compositor ... ok
test session_server::tests::safe_mode::test_freeze_retransmit_deduped_applied_exactly_once ... ok
test session_server::tests::lifecycle_verbs::claim_tile_stacks_at_shared_anchor ... ok
test session_server::tests::resource_upload::test_resource_upload_chunked_ack_then_complete ... ok
test session_server::tests::resource_upload::test_resident_upload_then_static_image_references_uploaded_resource_id ... ok
test session_server::tests::resource_upload::test_resource_upload_chunked_concurrent_limit_rejected ... ok
test session_server::tests::scene_mutations::test_mutation_dedup_returns_cached_result ... ok
test session_server::tests::scene_mutations::test_mutation_over_stream ... ok
test session_server::tests::scene_mutations::test_mutation_result_echoes_client_batch_id ... ok
test session_server::tests::resource_upload::test_resource_upload_chunked_zero_size_rejected ... ok
test session_server::tests::session_handshake::removed_client_request_numbers_decode_to_empty_payload ... ok
test session_server::tests::resource_upload::test_resource_upload_inline_and_dedup_short_circuit ... ok
test session_server::tests::session_handshake::test_auth_local_socket_credential_accepted ... ok
test session_server::tests::resource_upload::test_resource_upload_start_requires_upload_resource_capability ... ok
test session_server::tests::session_handshake::test_capability_set_covers_wildcard_grants ... ok
test session_server::tests::session_handshake::test_auth_structured_psk_credential_accepted ... ok
test session_server::tests::session_handshake::test_auth_structured_psk_credential_wrong_key ... ok
test session_server::tests::session_handshake::test_handle_session_init_local_socket_non_loopback_auth_failed ... ok
test session_server::tests::session_handshake::test_handle_session_resume_local_socket_non_loopback_auth_failed ... ok
test session_server::tests::session_handshake::test_handshake_auth_failure ... ok
test session_server::tests::session_handshake::test_handshake_init_established_and_snapshot ... ok
test session_server::tests::session_handshake::test_initial_handshake_failures_carry_recovery_hints ... ok
test session_server::tests::session_handshake::test_heartbeat_echo ... ok
test session_server::tests::session_handshake::test_psk_with_capability_allows_input_events_subscription ... ok
test session_server::tests::session_handshake::test_sequence_monotonic_accepted ... ok
test session_server::tests::safe_mode::test_freeze_queues_mutations_not_applied ... ok
test session_server::tests::session_handshake::test_session_registration_rejections_carry_recovery_hints ... ok
test session_server::tests::safe_mode::test_safe_mode_rejects_mutations ... ok
test session_server::tests::session_handshake::test_version_negotiation_success ... ok
test session_server::tests::session_handshake::test_version_negotiation_unsupported ... ok
test session_server::tests::timing::test_mutation_timing_expiry_before_present_rejected ... ok
test session_server::tests::timing::test_mutation_timing_too_old_rejected ... ok
test session_server::tests::timing::test_timing_hints_expiry_before_present ... ok
test session_server::tests::timing::test_timing_hints_too_future ... ok
test session_server::tests::timing::test_timing_hints_too_old ... ok
test session_server::tests::timing::test_timing_hints_valid_future ... ok
test session_server::tests::timing::test_timing_hints_zero_bypasses_validation ... ok
test session_server::tests::safe_mode::test_safe_mode_takes_precedence_over_freeze ... ok
test session_server::tests::scene_mutations::test_create_tile_persists_element_store_entry ... ok
test session_server::tests::scene_mutations::test_existing_tile_last_published_update_triggers_persist ... ok
test session_server::tests::session_handshake::test_sequence_gap_exceeded ... ok
test session_server::tests::lease::test_three_agents_lease_contention ... ok
test session_server::tests::session_handshake::test_sequence_regression ... ok
test session_server::tests::widget_publish::test_durable_widget_publish_receives_result ... ok
test session_server::tests::widget_publish::test_durable_widget_publish_repeated_requests_are_correlated ... ok
test session_server::tests::zones::test_zone_publish_result ... ok
test session_server::traffic::inbound_tests::add_node_still_dominates_as_transactional ... ok
test session_server::traffic::inbound_tests::composer_interaction_alone_is_state_stream ... ok
test session_server::traffic::inbound_tests::interaction_enabled_streaming_republish_stays_state_stream ... ok
test session_server::traffic::inbound_tests::lifecycle_accent_alone_is_state_stream ... ok
test session_server::traffic::inbound_tests::lifecycle_accent_update_stays_state_stream ... ok
test session_server::traffic::inbound_tests::set_tile_root_with_inline_children_stays_state_stream ... ok
test session_server::traffic::inbound_tests::unread_count_alone_is_state_stream ... ok
test session_server::traffic::inbound_tests::unread_count_update_stays_state_stream ... ok
test session_server::verbs::tests::grpc_codes_are_in_the_shared_set ... ok
test session_server::verbs::tests::surfaces_parse_like_mcp ... ok
test subscriptions::tests::test_both_subscriptions_delivers_all_variants ... ok
test subscriptions::tests::test_capture_released_is_focus_variant ... ok
test subscriptions::tests::test_empty_batch_after_filtering_returns_none ... ok
test subscriptions::tests::test_focus_events_filtered_when_no_focus_subscription ... ok
test subscriptions::tests::test_focus_events_granted_with_access_input_events_capability ... ok
test subscriptions::tests::test_input_events_denied_without_capability ... ok
test subscriptions::tests::test_input_events_filtered_when_no_input_subscription ... ok
test subscriptions::tests::test_input_events_granted_with_capability ... ok
test subscriptions::tests::test_mandatory_always_active_even_if_not_requested ... ok
test subscriptions::tests::test_no_subscription_batch_dropped ... ok
test subscriptions::tests::test_pointer_move_is_input_variant ... ok
test subscriptions::tests::test_scene_topology_denied_without_capability ... ok
test subscriptions::tests::test_scene_topology_granted_with_capability ... ok
test subscriptions::tests::test_telemetry_frames_denied_without_capability ... ok
test subscriptions::tests::test_telemetry_frames_granted_with_read_telemetry ... ok
test token::tests::test_consume_valid_token ... ok
test token::tests::test_evict_expired ... ok
test token::tests::test_orphaned_leases_preserved ... ok
test token::tests::test_token_at_exact_expiry_is_expired ... ok
test token::tests::test_token_expired_grace_period ... ok
test token::tests::test_token_just_before_expiry_succeeds ... ok
test token::tests::test_token_not_found_returns_grace_expired_code ... ok
test token::tests::test_token_single_use ... ok
test token::tests::test_token_wrong_agent_rejected ... ok
test token::tests::test_wrong_agent_does_not_consume_token ... ok
test session_server::tests::widget_publish::test_ephemeral_widget_no_publish_result ... ok
test session_server::tests::widget_publish::test_widget_publish_missing_capability_rejected ... ok
test session_server::tests::widget_publish::test_widget_publish_not_found ... ok
test session_server::tests::resume::test_resume_with_token ... ok
test session_server::tests::session_handshake::test_graceful_disconnect_session_close ... ok
test session_server::tests::widget_publish::test_widget_publish_unknown_parameter ... ok
test session_server::tests::widget_publish::test_widget_publish_wildcard_capability_allows_publish ... ok
test session_server::tests::zones::test_durable_zone_publish_result ... ok
test session_server::tests::zones::test_ephemeral_zone_no_publish_result ... ok
test session_server::tests::events::test_element_repositioned_not_delivered_without_scene_topology_subscription ... ok
test session_server::tests::events::test_frame_presented_not_delivered_without_telemetry_subscription ... ok
test session_server::tests::resume::test_resume_auth_required ... ok
test session_server::tests::resume::test_reconnect_within_grace_accepted ... ok
test session_server::tests::resume::test_resume_result_carries_subscription_state ... ok
test session_server::tests::resource_upload::test_resource_upload_chunk_error_aborts_inflight_tracking ... ok
test session_server::tests::resource_upload::test_resource_upload_chunked_success_correlates_by_request_sequence ... ok
test session_server::tests::resume::test_resume_token_single_use ... ok
test session_server::tests::session_handshake::degradation_notice_send_failure_unregisters_session ... ok
test session_server::tests::resource_upload::test_resource_upload_backpressure_keeps_heartbeat_responsive ... ok

test result: ok. 204 passed; 0 failed; 0 ignored; 0 measured; 0 filtered out; finished in 1.16s

     Running tests/capability_gating.rs (/home/orca/orca/projects/tze-hud/target/debug/deps/capability_gating-b8a95ec6e33dd86d)

running 9 tests
test version_negotiation_fails_when_agent_requires_newer ... ok
test own_psk_identifies_agent_with_allow_permissions ... ok
test unpaired_psk_is_rejected ... ok
test version_negotiation_fails_when_no_intersection ... ok
test own_psk_cannot_claim_other_agent ... ok
test local_socket_from_loopback_resolves_only_under_dev_psk ... ok
test version_negotiation_picks_highest_mutual_version ... ok
test version_negotiation_succeeds_at_v1_0 ... ok
test version_negotiation_treats_zero_as_v1_0 ... ok

test result: ok. 9 passed; 0 failed; 0 ignored; 0 measured; 0 filtered out; finished in 0.00s

     Running tests/event_delivery.rs (/home/orca/orca/projects/tze-hud/target/debug/deps/event_delivery-0bfb023c7f27d468)

running 3 tests
test subscribed_agent_receives_event_intact ... ok
test unsubscribed_agent_receives_nothing ... ok
test event_reaches_owning_namespace_only ... ok

test result: ok. 3 passed; 0 failed; 0 ignored; 0 measured; 0 filtered out; finished in 1.69s

     Running tests/fuzz_protocol_boundary.rs (/home/orca/orca/projects/tze-hud/target/debug/deps/fuzz_protocol_boundary-4877562798ee3fc4)

running 33 tests
test mutation_batch_empty_namespace_invariant ... ok
test mutation_batch_inf_bounds_rejected ... ok
test mutation_batch_expired_lease_rejected_before_other_checks ... ok
test mutation_batch_nan_bounds_rejected ... ok
test mutation_batch_nonexistent_tile_rejected ... ok
test mutation_batch_nonexistent_tab_id_rejected ... ok
test mutation_batch_create_update_delete_no_leak ... ok
test mutation_batch_zone_reserved_z_order_rejected ... ok
test mutation_batch_oversized_rejected_with_structured_error ... ok
test proto_node_no_data_returns_none ... ok
test proto_node_solid_color_no_bounds_returns_some ... ok
test proto_node_static_image_empty_resource_id_returns_none ... ok
test proto_node_static_image_malformed_resource_id_returns_none ... ok
test proto_node_static_image_valid_returns_some ... ok
test proto_rect_inf_does_not_panic ... ok
test proto_rect_nan_does_not_panic ... ok
test proto_rect_negative_dims_does_not_panic ... ok
test proto_resource_id_31_bytes_returns_none ... ok
test proto_resource_id_32_bytes_ok ... ok
test proto_resource_id_33_bytes_returns_none ... ok
test proto_scene_id_15_bytes_returns_none ... ok
test proto_scene_id_17_bytes_returns_none ... ok
test proto_scene_id_null_16_bytes_returns_some ... ok
test prop_proto_resource_id_any_bytes_no_panic ... ok
test proto_node_text_zero_font_size_defaults_to_16 ... ok
test proto_scene_id_empty_bytes_returns_none ... ok
test proto_scene_id_oversized_bytes_returns_none ... ok
test proto_zone_content_none_payload_returns_none ... ok
test prop_proto_static_image_arbitrary_resource_id_no_panic ... ok
test prop_adversarial_tile_ids_no_crash ... ok
test prop_proto_scene_id_any_bytes_no_panic ... ok
test prop_proto_rect_arbitrary_floats_no_panic ... ok
test prop_opacity_arbitrary_float_no_crash ... ok

test result: ok. 33 passed; 0 failed; 0 ignored; 0 measured; 0 filtered out; finished in 0.01s

     Running tests/lease_governance.rs (/home/orca/orca/projects/tze-hud/target/debug/deps/lease_governance-80e75292d9147ede)

running 21 tests
test agent_cannot_create_tile_in_foreign_namespace ... ok
test dashboard_agent_cannot_update_input_mode_of_other_tile ... ok
test disconnect_transitions_to_orphaned_and_sets_disconnection_badge ... ok
test dashboard_agent_cannot_mutate_other_namespace_tiles ... ok
test disconnect_from_non_active_state_is_rejected ... ok
test disconnect_badges_all_owned_tiles ... ok
test explicit_lease_release_removes_all_nodes ... ok
test explicit_lease_release_removes_tile_cleanly ... ok
test dashboard_agent_cannot_update_opacity_of_other_tile ... ok
test grace_period_expiry_removes_all_tile_nodes ... ok
test mutation_after_release_is_rejected ... ok
test grace_period_expiry_removes_tile_and_nodes ... ok
test reconnect_after_grace_period_fails ... ok
test reconnect_at_grace_period_boundary_is_accepted ... ok
test reconnect_within_grace_period_restores_active_and_clears_badge ... ok
test resource_ref_count_drops_after_lease_expiry ... ok
test second_agent_cannot_delete_dashboard_tile ... ok
test second_agent_cannot_mutate_dashboard_tile ... ok
test ttl_expires_while_orphaned_removes_tile ... ok
test ttl_expiry_without_renewal_removes_tile ... ok
test orphaned_agent_is_frozen_while_other_agents_keep_working ... ok

test result: ok. 21 passed; 0 failed; 0 ignored; 0 measured; 0 filtered out; finished in 0.00s

     Running tests/subscriptions.rs (/home/orca/orca/projects/tze-hud/target/debug/deps/subscriptions-5d3d255f211e518f)

running 12 tests
test all_focus_events_filtered_returns_none_for_input_only_subscriber ... ok
test both_input_and_focus_subscriptions_deliver_all_variants ... ok
test degradation_notices_mandatory_cannot_be_removed ... ok
test event_batch_filtering_preserves_order ... ok
test focus_subscription_only_filters_input_variants ... ok
test input_and_focus_events_require_access_input_events ... ok
test input_subscription_only_filters_focus_variants ... ok
test no_input_subscription_batch_not_delivered ... ok
test scene_topology_requires_read_scene_topology_capability ... ok
test scroll_is_input_variant ... ok
test telemetry_frames_requires_read_telemetry ... ok
test unknown_subscription_category_is_denied ... ok

test result: ok. 12 passed; 0 failed; 0 ignored; 0 measured; 0 filtered out; finished in 0.00s

     Running unittests src/lib.rs (/home/orca/orca/projects/tze-hud/target/debug/deps/tze_hud_resource-80242813e55d305f)

running 86 tests
test debug::tests::resource_id_display_is_64_char_lowercase_hex ... ok
test debug::tests::resource_id_debug_contains_lowercase_hex ... ok
test debug::tests::resource_id_hex_all_ff ... ok
test debug::tests::resource_id_hex_all_zeros ... ok
test debug::tests::resource_id_hex_is_not_base64 ... ok
test debug::tests::resource_id_hex_no_0x_prefix ... ok
test debug::tests::resource_id_hex_no_uppercase ... ok
test debug::tests::to_lowercase_hex_empty_slice ... ok
test debug::tests::to_lowercase_hex_matches_resource_id_to_hex ... ok
test debug::tests::to_lowercase_hex_single_byte ... ok
test dedup::tests::insert_and_contains ... ok
test dedup::tests::get_returns_record ... ok
test dedup::tests::dedup_index_len ... ok
test dedup::tests::insert_duplicate_returns_existing ... ok
test dedup::tests::total_decoded_bytes_sums_all_records ... ok
test font_bytes_store::tests::clone_shares_state ... ok
test font_bytes_store::tests::dedup_race_keeps_existing_bytes ... ok
test font_bytes_store::tests::empty_on_construction ... ok
test font_bytes_store::tests::font_source_admission_uses_font_class_and_is_atomic ... ok
test font_bytes_store::tests::get_returns_none_for_missing_id ... ok
test font_bytes_store::tests::insert_and_get_roundtrip ... ok
test resident_ledger::tests::allocation_identity_cannot_debit_two_classes ... ok
test resident_ledger::tests::classes_are_disjoint_and_cannot_borrow ... ok
test resident_ledger::tests::physical_identity_is_single_charged_but_copies_are_separate ... ok
test resident_ledger::tests::release_returns_capacity_atomically ... ok
test resident_ledger::tests::replacement_reserves_before_old_frame_allocation_is_released ... ok
test resident_ledger::tests::snapshot_counts_denials_and_only_safe_eviction_releases ... ok
test types::tests::all_v1_types_are_supported ... ok
test runtime_widget_store::tests::enforces_per_agent_budget ... ok
test runtime_widget_store::tests::enforces_total_budget ... ok
test types::tests::identical_bytes_produce_identical_resource_id ... ok
test runtime_widget_store::tests::corrupt_blob_not_admitted_on_reindex ... ok
test types::tests::different_bytes_produce_different_resource_id ... ok
test runtime_widget_store::tests::partial_temp_files_ignored ... ok
test types::tests::resource_id_from_content_is_32_bytes ... ok
test types::tests::resource_id_from_slice_roundtrip ... ok
test runtime_widget_store::tests::survives_restart_and_rehydrates_hash_index ... ok
test types::tests::resource_id_from_slice_wrong_length_returns_none ... ok
test types::tests::wire_codes_are_stable ... ok
test types::tests::image_svg_display_name ... ok
test types::tests::resource_id_hex_is_64_chars ... ok
test upload::tests::abort_all_uploads_clears_agent ... ok
test upload::tests::abort_upload_removes_inflight ... ok
test upload::tests::inline_png_upload_succeeds ... ok
test upload::tests::dedup_hit_returns_immediately ... ok
test upload::tests::identical_bytes_same_resource_id ... ok
test upload::tests::chunked_upload_hash_mismatch ... ok
test upload::tests::out_of_order_chunk_rejected ... ok
test upload::tests::too_many_concurrent_uploads ... ok
test upload::tests::upload_rate_limit_bytes_per_sec_uses_configured_value ... ok
test upload::tests::oversized_chunk_rejected ... ok
test validation::tests::agent_budget_unlimited_fits_any_size ... ok
test validation::tests::agent_budget_limited_fits ... ok
test validation::tests::budget_check_agent_exceeded ... ok
test upload::tests::inline_upload_requires_no_chunks_or_complete ... ok
test upload::tests::upload_denied_without_capability ... ok
test upload::tests::mandatory_decoded_resource_debits_shared_resident_ledger_atomically ... ok
test validation::tests::budget_check_runtime_exceeded ... ok
test validation::tests::budget_check_unlimited_always_passes ... ok
test validation::tests::capability_check_denied_for_empty_caps ... ok
test validation::tests::capability_check_pass ... ok
test validation::tests::decode_font_corrupt_rejected ... ok
test validation::tests::decode_jpeg_corrupt_rejected ... ok
test validation::tests::decode_png_1x1_succeeds ... ok
test validation::tests::decode_png_corrupt_rejected ... ok
test validation::tests::decode_rgba8_dimension_exceeds_max_rejected ... ok
test validation::tests::decode_rgba8_dimension_mismatch_rejected ... ok
test validation::tests::decode_rgba8_size_exceeded ... ok
test validation::tests::decode_rgba8_valid ... ok
test validation::tests::decode_rgba8_zero_dimension_rejected ... ok
test validation::tests::hash_check_mismatch ... ok
test validation::tests::hash_check_pass ... ok
test validation::tests::raw_size_exceeded ... ok
test validation::tests::raw_size_pass ... ok
test validation::tests::svg_div_root_rejected ... ok
test validation::tests::svg_image_svg_is_v1_supported ... ok
test validation::tests::svg_invalid_xml_rejected ... ok
test validation::tests::svg_large_dimensions_clamped_to_2048 ... ok
test validation::tests::svg_non_svg_root_rejected ... ok
test validation::tests::svg_valid_minimal_accepted ... ok
test validation::tests::svg_viewbox_takes_priority_over_width_height ... ok
test validation::tests::svg_with_viewbox_budget_estimated_correctly ... ok
test validation::tests::svg_with_width_and_height_attrs ... ok
test validation::tests::svg_with_xml_declaration_accepted ... ok
test validation::tests::type_check_png_accepted ... ok
test upload::tests::chunked_upload_success ... ok

test result: ok. 86 passed; 0 failed; 0 ignored; 0 measured; 0 filtered out; finished in 0.00s

     Running tests/store_behavior.rs (/home/orca/orca/projects/tze-hud/target/debug/deps/store_behavior-530e0c6e98fd8a57)

running 8 tests
test per_resource_size_cap_rejects_chunked_upload_at_start ... ok
test chunked_upload_rejected_at_complete_frees_its_slot_and_stores_nothing ... ok
test agent_texture_budget_rejects_whole_upload_and_stores_nothing ... ok
test rejections_carry_stable_wire_code_and_actionable_detail ... ok
test chunk_protocol_errors_have_stable_codes ... ok
test upload_slot_cap_is_per_agent_and_freed_by_abort ... ok
test runtime_wide_texture_cap_is_shared_across_agents ... ok
test resource_count_cap_rejects_the_extra_resource ... ok

test result: ok. 8 passed; 0 failed; 0 ignored; 0 measured; 0 filtered out; finished in 0.00s

     Running unittests src/lib.rs (/home/orca/orca/projects/tze-hud/target/debug/deps/tze_hud_runtime-73db4dfa6f79a945)

running 533 tests
test degradation::tests::effective_cadence_is_capped_only_when_monitor_refresh_is_known ... ok
test degradation::tests::cadence_envelope_preserves_60hz_calibration_and_tightens_faster_periods ... ok
test degradation::tests::test_advance_event_has_correct_fields ... ok
test element_store::tests::linux_path_prefers_xdg_data_home ... ok
test element_store::tests::linux_path_falls_back_to_home_local_share ... ok
test degradation::tests::test_starts_at_normal ... ok
test element_store::tests::macos_path_uses_application_support ... ok
test degradation::tests::sustained_overload_does_not_escalate_past_simplified ... ok
test element_store::tests::windows_path_uses_localappdata ... ok
test degradation::tests::test_p95_boundary_does_not_trigger_at_exactly_14ms ... ok
test degradation::tests::elapsed_window_blocks_burst_samples_and_quiescence_recovers_without_frames ... ok
test degradation::tests::test_recover_event_has_correct_fields ... ok
test degradation::tests::test_recovery_threshold_exactly_12ms_does_not_recover ... ok
test degradation::tests::test_10th_frame_first_possible_trigger ... ok
test degradation::tests::test_trigger_requires_full_10_frame_window ... ok
test degradation::tests::test_trigger_advances_level_after_10_frames_over_14ms ... ok
test degradation::tests::test_partial_window_does_not_trigger_degradation ... ok
test degradation::tests::test_recovery_requires_30_frames_under_12ms ... ok
test degradation::tests::simplified_maps_to_compositor_and_protocol_simplified ... ok
test degradation::tests::test_p95_helper_correctness ... ok
test firewall::tests::no_tailnet_bind_is_not_applicable_even_if_the_snapshot_failed ... ok
test firewall::tests::disabled_firewall_allows_even_with_a_block_rule ... ok
test firewall::tests::com_error_is_unknown ... ok
test degradation::tests::production_degradation_sustained_payload_emits_machine_readable_deadline_evidence ... ok
test firewall::tests::allow_rule_for_other_remote_addresses_does_not_count ... ok
test firewall::tests::rules_on_inactive_profiles_and_disabled_rules_are_ignored ... ok
test firewall::tests::no_rule_with_default_block_is_blocked_and_default_allow_is_not ... ok
test firewall::tests::port_allow_rule_allows_only_when_all_our_ports_are_covered ... ok
test firewall::tests::one_allow_rule_per_port_covers_all_ports ... ok
test element_store::tests::bootstrap_relocks_tiles_that_load_a_durable_override ... ok
test firewall::tests::program_allow_rule_allows_case_insensitively ... ok
test firewall::tests::block_rule_beats_allow_rule ... ok
test element_store::tests::missing_file_loads_empty_store ... ok
test firewall::tests::rule_paths_expand_environment_variables ... ok
test element_store::tests::reconcile_reuses_existing_zone_and_widget_ids ... ok
test headless::tests::test_build_runtime_context_none_is_headless_default ... ok
test firewall::tests::json_shape_and_probe_caching ... ok
test firewall::tests::system_probe_off_windows_is_not_applicable ... ok
test firewall::remote::tests::rule_spec_uses_resolved_program_and_ports ... ok
test firewall::remote::tests::program_block_filter_is_exact_and_name_collisions_are_safe ... ok
test http::tests::admin_routes_are_get_only_and_guarded ... ok
test http::tests::operator_error_serializes_code_and_hint ... ok
test firewall::tests::probe_ports_are_the_bound_ones_without_zero_or_duplicates ... ok
test firewall::remote::tests::explicit_remote_action_controls_elevation_and_child_result ... ok
test http::tests::error_responses_have_no_body_and_405_has_allow ... ok
test http::tests::idle_connection_times_out ... ok
test http::tests::query_param_finds_values ... ok
test http::tests::transfer_encoding_is_not_implemented ... ok
test http::tests::routes_by_method_and_path ... ok
test http::tests::valid_single_headers_still_parse ... ok
test http::tests::ambiguous_requests_are_rejected_not_normalized ... ok
test http::tests::oversize_and_malformed_requests_are_rejected ... ok
test element_store::tests::persist_atomic_replaces_existing_file ... ok
test element_store::tests::toml_round_trip_preserves_entries ... ok
test http::tests::parses_request_split_across_reads ... ok
test firewall::remote::tests::allow_and_disallow_restore_the_original_policy ... ok
test element_store::tests::bootstrap_round_trip_reuses_ids_across_restart ... ok
test mcp::tests::admin_logs_returns_the_requested_tail ... ok
test mcp::tests::admin_restart_is_guarded_single_flight_and_ignores_the_body ... ok
test mcp::tests::admin_status_has_every_key_and_no_secrets ... ok
test mcp::tests::admin_requires_the_admin_entry_not_just_star ... ok
test mcp::tests::admin_routes_are_served_over_the_socket ... ok
test mcp::tests::mcp_http_rejects_ambiguous_requests_before_dispatch ... ok
test mcp::tests::mcp_http_tools_list_on_every_listener ... ok
test mcp::tests::mcp_http_routes_by_method_and_path ... ok
test mutation_budget_bridge::tests::aggregate_limits_are_atomic_across_agents ... ok
test mutation_budget_bridge::tests::guest_sessions_use_a_separate_enforced_pool ... ok
test mutation_budget_bridge::tests::registered_budget_rejects_mutation_above_tile_limit ... ok
test mutation_budget_bridge::tests::removing_one_of_two_same_namespace_sessions_preserves_the_other ... ok
test mutation_budget_bridge::tests::removing_session_releases_its_aggregate_tile_and_texture_usage ... ok
test mutation_budget_bridge::tests::resumed_session_restores_usage_before_accepting_new_mutations ... ok
test net_addrs::tests::listen_addrs_is_loopback_plus_tailnet_never_wildcard ... ok
test net_addrs::tests::retry_backs_off_after_five_minutes ... ok
test net_addrs::tests::tailnet_addrs_keeps_only_the_tailscale_ranges ... ok
test net_addrs::tests::tailnet_range_counts_only_on_a_tailscale_interface ... ok
test operator::handoff::tests::busy_guard_releases_on_drop_and_panic_but_not_when_kept ... ok
test operator::handoff::tests::child_args_drop_a_previous_handoff_and_add_nothing_else ... ok
test mcp::tests::admin_screenshot_is_guarded_then_served_as_png ... ok
test operator::handoff::tests::ready_with_the_right_nonce_shuts_the_old_instance_down_and_keeps_the_child ... ok
test mcp::tests::mcp_server_binds_and_responds ... ok
test operator::handoff::tests::spawn_failure_is_an_error_and_nothing_shuts_down ... ok
test operator::handoff::tests::spec_round_trips_and_rejects_non_loopback_or_odd_nonces ... ok
test operator::handoff::tests::stray_connections_do_not_burn_the_attempt ... ok
test mcp::tests::mcp_http_tools_list_authenticated ... ok
test operator::install::tests::canonical_launch_is_bare_or_the_autostart_command ... ok
test mcp::tests::mcp_http_hud_publish_authenticated ... ok
test operator::install::tests::cleanup_script_scopes_to_owned_dirs ... ok
test mcp::tests::mcp_http_wrong_psk_returns_error ... ok
test operator::install::tests::decision_table ... ok
test mcp::tests::mcp_http_unauthenticated_returns_error ... ok
test operator::install::tests::install_and_uninstall_are_windows_only_here ... ok
test operator::install::tests::default_config_is_not_overwritten ... ok
test operator::install::tests::install_paths_from_fake_env_dirs ... ok
test operator::install::tests::run_command_and_launch_args_agree ... ok
test operator::install::tests::same_path_ignores_case_separators_and_verbatim_prefix ... ok
test operator::install::tests::validate_owned_rejects_what_cleanup_cannot_quote ... ok
test operator::install::tests::stage_files_restores_previous_exe_when_copy_fails ... ok
test mcp::tests::mcp_server_shuts_down_cleanly ... ok
test operator::install::tests::stage_files_installs_upgrades_and_is_idempotent ... ok
test operator::logs::tests::a_failed_reopen_after_rotating_retries_only_the_reopen ... ok
test operator::logs::tests::a_failed_rotation_keeps_every_line ... ok
test operator::screenshot::tests::errors_map_to_operator_statuses ... ok
test operator::logs::tests::rotates_at_the_cap_and_tail_spans_the_boundary ... ok
test operator::screenshot::tests::mismatched_buffer_is_an_error_not_a_panic ... ok
test operator::screenshot::tests::compositor_errors_pass_through ... ok
test operator::screenshot::tests::capture_round_trips_through_the_compositor_thread ... ok
test operator::screenshot::tests::silent_compositor_times_out_as_unavailable ... ok
test operator::status::tests::hotkey_status_json_and_banner ... ok
test operator::status::tests::hotkey_status_updates_after_pending ... ok
test operator::screenshot::tests::only_one_capture_is_in_flight_and_abandoned_requests_are_skipped ... ok
test operator::screenshot::tests::png_round_trips_the_rgba_buffer ... ok
test mcp::tests::admin_update_is_guarded_and_answers_constant_errors ... ok
test operator::logs::tests::tail_reads_backwards_across_blocks_and_clamps ... ok
test operator::update::tests::channels_parse_a_closed_grammar_and_map_to_release_urls ... ok
test operator::update::tests::curl_args_are_a_fixed_vector_that_pins_scheme_and_sizes ... ok
test operator::update::tests::requests_are_checked_before_any_download_and_busy_is_panic_safe ... ok
test operator::update::tests::rollback_renames_the_failed_exe_aside_when_it_cannot_be_deleted ... ok
test operator::update::tests::swap_replaces_the_exe_and_a_failed_handoff_restores_it_byte_for_byte ... ok
test operator::update::tests::a_missing_download_fails_without_residue ... ok
test operator::update::tests::the_embedded_public_key_is_a_valid_minisign_key ... ok
test mcp::tests::mcp_http_only_loopback_bind_failure_is_fatal ... ok
test operator::update::tests::a_ready_handoff_keeps_the_new_exe_and_stays_busy ... ok
test operator::update::tests::trusted_comment_grammar_is_strict ... ok
test operator::update::tests::the_running_sha_is_up_to_date_and_leaves_nothing ... ok
test operator::update::tests::a_rollback_that_cannot_restore_is_reported_distinctly ... ok
test operator::update::tests::the_signed_ref_must_belong_to_the_requested_channel ... ok
test pairing::tests::a_failed_save_keeps_pairing_usable_with_a_new_code ... ok
test pairing::tests::admin_is_opt_in_and_star_does_not_grant_it ... ok
test pairing::tests::bad_ids_and_bodies_are_400_and_do_not_burn_attempts ... ok
test pairing::tests::code_expires_after_five_minutes ... ok
test pairing::tests::code_is_single_use ... ok
test pairing::tests::expired_code_is_closed_and_the_card_self_expires ... ok
test pairing::tests::firewall_warning_line_only_when_blocked ... ok
test pairing::tests::five_wrong_codes_replace_the_code_and_three_replacements_cool_down ... ok
test pairing::tests::a_blocked_tailnet_address_adds_the_warning_to_the_card_without_waiting ... ok
test pairing::tests::logs_contain_neither_the_code_nor_the_psk ... ok
test pairing::tests::re_pairing_an_id_rotates_its_key ... ok
test pairing::tests::rejection_sampling_discards_the_biased_tail ... ok
test pairing::tests::replacement_updates_the_card_and_cooldown_clears_it ... ok
test pairing::tests::rfc3339_formats_known_instants ... ok
test pairing::tests::the_right_code_pairs_once_and_stores_only_the_hash ... ok
test pairing::tests::pair_over_http_then_use_the_psk_for_mcp ... ok
test pairing::tests::wrong_code_is_rejected_and_pairing_stays_closed_until_asked ... ok
test pipeline::tests::test_hit_test_snapshot_from_scene ... ok
test portal_projection_driver::tests::apply_token_map_propagates_to_drive_state ... ok
test portal_projection_driver::tests::activity_cue_quiesces_after_deadline_without_new_update ... ok
test portal_projection_driver::tests::cleanup_work_remains_immediate_after_a_simulated_lock_miss ... ok
test portal_projection_driver::tests::create_portal_tile_failure_does_not_mutate_active_tab ... ok
test portal_projection_driver::tests::drain_declares_first_class_portal_surface_on_tile ... ok
test portal_projection_driver::tests::disconnect_then_reconnect_within_grace_resumes_same_surface_without_duplication ... ok
test portal_projection_driver::tests::drain_paints_published_transcript_onto_tile ... ok
test portal_projection_driver::tests::drain_render_portal_height_accounting_includes_input_history ... ok
test portal_projection_driver::tests::drain_render_portal_notify_tile_content_appended_wiring ... ok
test portal_projection_driver::tests::drain_then_render_surfaces_live_unread_count ... ok
test portal_projection_driver::tests::drain_with_no_active_tab_activates_tab_and_paints ... ok
test portal_projection_driver::tests::fresh_append_extends_activity_cue_deadline ... ok
test portal_projection_driver::tests::head_trim_fires_on_height_shrink_without_byte_shrink_runtime_path ... ok
test portal_projection_driver::tests::parked_portal_repaints_pending_count_at_input_expiry ... ok
test portal_projection_driver::tests::portal_composer_submission_enters_pending_input_queue_and_can_be_acknowledged ... ok
test portal_projection_driver::tests::portal_deadline_families_preserve_source_and_equal_deadline_tie ... ok
test portal_projection_driver::tests::portal_hold_without_ttl_never_degrades ... ok
test portal_projection_driver::tests::portal_hold_outlives_idle_reap_window_then_reclaims ... ok
test portal_projection_driver::tests::production_ungraceful_drop_reaps_surface_on_grace_expiry_via_drain_sweep ... ok
test portal_projection_driver::tests::scrolled_back_tile_offset_is_stable_on_append ... ok
test headless::tests::transparent_overlap_rejects_nonclosure_idle_grip_that_crosses_damage ... ok
test portal_projection_driver::tests::reattach_after_grace_expiry_starts_fresh_portal_under_new_lease ... ok
test portal_projection_driver::tests::viewer_dismiss_portal_detaches_and_next_publish_reattaches ... ok
test portal_tokens::tests::portal_visual_defaults_are_single_source_of_truth ... ok
test portal_tokens::tests::default_part_tokens_round_trip_matches_visual_defaults ... ok
test portal_tokens::tests::profile_override_propagates_through_conversion ... ok
test runtime_context::tests::from_config_populates_profile ... ok
test runtime_context::tests::from_config_derives_immutable_operational_envelope ... ok
test runtime_context::tests::headless_default_has_headless_profile ... ok
test runtime_context::tests::resource_budget_uses_canonical_defaults_capped_by_profile ... ok
test runtime_context::tests::headless_production_consumers_share_exact_store_limits ... ok
test runtime_context::tests::from_toml_loads_valid_config_and_falls_back_on_bad_input ... ok
test operator::update::tests::a_failed_handoff_rolls_back_toasts_and_frees_the_next_attempt ... ok
test operator::update::tests::a_panic_on_the_update_thread_does_not_wedge_updates ... ok
test scene_startup::tests::fonts_dir_is_config_dir_fonts_when_present_and_never_user_set ... ok
test scene_startup::tests::all_builtin_zones_receive_token_derived_policies_after_startup ... ok
test scene_startup::tests::runtime_fonts_dir_key_is_reserved_in_config_validation ... ok
test scene_startup::tests::design_tokens_override_canonical_fallbacks ... ok
test scene_startup::tests::end_to_end_startup_with_design_tokens_section ... ok
test scene_startup::tests::absent_design_tokens_uses_default_theme ... ok
test scene_startup::tests::multiple_tabs_honor_default_tab_selection ... ok
test shell::chrome::tests::add_multiple_tabs_only_first_is_active_initially ... ok
test shell::chrome::tests::add_tab_makes_first_tab_active ... ok
test shell::chrome::tests::chrome_state_default_is_clean ... ok
test shell::chrome::tests::ctrl_1_switches_to_first_tab ... ok
test shell::chrome::tests::ctrl_9_switches_to_last_tab ... ok
test shell::chrome::tests::ctrl_shift_tab_switches_to_prev_tab ... ok
test shell::chrome::tests::ctrl_tab_switches_to_next_tab_and_is_consumed ... ok
test shell::chrome::tests::diagnostic_display_formats_correctly ... ok
test shell::chrome::tests::diagnostic_snapshot_contains_expected_fields ... ok
test shell::chrome::tests::switch_to_empty_tab_list_returns_false ... ok
test shell::chrome::tests::switch_to_last_tab ... ok
test shell::chrome::tests::switch_to_next_tab_wraps_around ... ok
test shell::chrome::tests::switch_to_prev_tab_wraps_around ... ok
test shell::chrome::tests::switch_to_tab_index_out_of_bounds_returns_false ... ok
test shell::freeze::tests::scenario_freeze_ignored_during_safe_mode ... ok
test shell::freeze::tests::scenario_freeze_queues_mutations ... ok
test shell::freeze::tests::scenario_mutation_dropped_signal ... ok
test scene_startup::tests::subtitle_zone_gets_token_derived_text_color ... ok
test shell::freeze::tests::scenario_queue_pressure_signal ... ok
test shell::freeze::tests::scenario_safe_mode_cancels_freeze ... ok
test shell::freeze::tests::scenario_transactional_never_dropped ... ok
test shell::freeze::tests::scenario_unfreeze_applies_in_order ... ok
test shell::freeze::tests::test_all_transactional_kinds ... ok
test shell::freeze::tests::test_auto_unfreeze_due ... ok
test shell::freeze::tests::test_auto_unfreeze_not_due ... ok
test shell::freeze::tests::test_basic_enqueue ... ok
test shell::freeze::tests::test_auto_unfreeze_via_tick ... ok
test shell::freeze::tests::test_cancel_for_safe_mode ... ok
test shell::freeze::tests::test_classify_create_tile_is_transactional ... ok
test shell::freeze::tests::test_classify_empty_batch_is_ephemeral ... ok
test scene_startup::tests::tabs_without_default_activate_first_declared ... ok
test shell::freeze::tests::test_classify_mixed_batch_is_transactional ... ok
test shell::freeze::tests::test_classify_publish_to_zone_is_state_stream ... ok
test shell::freeze::tests::test_classify_set_portal_surface_is_transactional ... ok
test shell::freeze::tests::test_classify_set_tile_root_is_state_stream ... ok
test shell::freeze::tests::test_classify_update_portal_surface_state_is_state_stream ... ok
test shell::freeze::tests::test_discard_on_safe_mode ... ok
test shell::freeze::tests::test_drain_order ... ok
test shell::freeze::tests::test_freeze_ignored_during_safe_mode ... ok
test shell::freeze::tests::test_ephemeral_dropped ... ok
test shell::freeze::tests::test_freeze_state_activate ... ok
test shell::freeze::tests::test_freeze_queues_mutations ... ok
test shell::freeze::tests::test_freeze_state_deactivate ... ok
test shell::freeze::tests::test_pressure_threshold ... ok
test shell::freeze::tests::test_safe_mode_cancels_freeze ... ok
test shell::freeze::tests::test_state_stream_backpressure_when_only_transactional ... ok
test shell::freeze::tests::test_state_stream_coalescing ... ok
test shell::freeze::tests::test_state_stream_eviction ... ok
test shell::freeze::tests::test_transactional_never_evicted ... ok
test shell::freeze::tests::test_unfreeze_applies_queued_mutations ... ok
test scene_startup::tests::widgetless_config_tab_materializes_and_is_active ... ok
test shell::safe_mode::tests::test_enter_safe_mode_suspends_active_leases ... ok
test shell::safe_mode::tests::test_enter_and_exit_are_idempotent ... ok
test shell::safe_mode::tests::test_exit_safe_mode_resumes_suspended_leases ... ok
test shell::safe_mode::tests::test_lease_identity_preserved_across_suspend_resume ... ok
test shell::safe_mode::tests::test_mutations_rejected_via_shared_state_flag ... ok
test shell::safe_mode::tests::test_ttl_excluded_during_suspension ... ok
test shell::system_card::tests::expiring_toast_schedules_exactly_one_deadline_wake ... ok
test shell::system_card::tests::pairing_card_has_no_deadline_and_clear_wakes_once ... ok
test threads::tests::shutdown_token_clone_shares_state ... ok
test threads::tests::shutdown_token_receiver_gets_reason ... ok
test threads::tests::shutdown_token_starts_untriggered ... ok
test shell::safe_mode::tests::test_session_notification_broadcast ... ok
test scene_startup::tests::zone_registry_applied_to_scene ... ok
test threads::tests::shutdown_token_trigger_is_idempotent ... ok
test threads::tests::shutdown_token_trigger_sets_flag ... ok
test widget_hover::tests::hidden_mutations_for_removed_emits_hide_for_visible_trackers_only ... ok
test widget_hover::tests::build_hover_trackers_resolves_widget_trigger_geometry ... ok
test widget_hover::tests::tick_hover_transitions_after_delay_and_hides_on_leave ... ok
test widget_runtime_registration::tests::runtime_registration_rejects_incompatible_svg_targets ... ok
test widget_runtime_registration::tests::runtime_registration_records_handle_and_enqueues_svg ... ok
test threads::tests::spawn_compositor_thread_and_join ... ok
test window::tests::hit_region_bottom_right_exclusive ... ok
test window::tests::fullscreen_mode_captures_all_events ... ok
test window::tests::hit_region_contains_interior_point ... ok
test window::tests::hit_region_does_not_contain_exterior_point ... ok
test window::tests::hit_region_top_left_inclusive ... ok
test window::tests::overlay_mode_captures_event_inside_hit_region ... ok
test window::tests::overlay_mode_multiple_hit_regions_union ... ok
test window::tests::overlay_mode_no_hit_regions_passes_through_all_events ... ok
test window::tests::overlay_mode_passes_through_event_outside_hit_region ... ok
test window::tests::window_config_default ... ok
test window::tests::window_mode_display ... ok
test window::tests::window_mode_default_is_fullscreen ... ok
test shell::system_card::tests::system_card_absent_from_snapshot_surfaces_and_publish ... ok
test windowed::config::tests::windowed_config_default_mode_is_fullscreen ... ok
test windowed::displays::tests::a_lost_display_is_reported_once ... ok
test windowed::displays::tests::an_overdue_retry_still_wakes_but_never_spins ... ok
test windowed::displays::tests::capture_false_leaves_every_window_click_through ... ok
test windowed::displays::tests::capture_goes_to_the_window_under_the_cursor ... ok
test windowed::displays::tests::cursor_over_a_monitor_without_an_overlay_captures_nowhere ... ok
test windowed::displays::tests::failed_present_stays_owed_until_one_submits ... ok
test windowed::displays::tests::held_press_keeps_capture_on_its_window_while_cursor_is_elsewhere ... ok
test windowed::displays::tests::layout_places_assigned_zones_on_their_display ... ok
test windowed::displays::tests::overlays_resized_off_their_monitor_are_refitted ... ok
test windowed::displays::tests::permanently_failing_secondary_does_not_schedule_cadence_frames ... ok
test windowed::displays::tests::present_retry_backs_off_to_a_ceiling_and_resets_on_success ... ok
test windowed::displays::tests::plan_keeps_unchanged_and_recreates_moved_monitors ... ok
test windowed::displays::tests::primary_is_split_out_of_the_enumeration ... ok
test windowed::displays::tests::refits_are_bounded_when_the_os_keeps_resizing ... ok
test windowed::displays::tests::scene_work_keeps_cadence_and_idle_without_owed_secondaries_sleeps ... ok
test windowed::displays::tests::scene_rects_are_relative_to_the_primary_origin_and_may_be_negative ... ok
test windowed::displays::tests::secondary_cursor_positions_map_to_scene_coordinates ... ok
test windowed::displays::tests::zones_on_disconnected_or_failed_displays_are_reported_unplaced ... ok
test windowed::event_loop_harness::tests::command_binding_swallows_matching_raw_key_up ... ok
test windowed::event_loop_harness::tests::arrow_down_command_does_not_apply_page_scroll_side_effect ... ok
test windowed::event_loop_harness::tests::ctrl_tab_preserves_configured_chrome_label_when_scene_adds_tab ... ok
test windowed::event_loop_harness::tests::ctrl_tab_switches_scene_and_key_down_never_reaches_agent ... ok
test windowed::event_loop_harness::tests::armed_cursor_entry_never_wakes_compositor_until_hover_changes ... ok
test windowed::event_loop_harness::tests::device_event_wiring_routes_motion_and_syncs_listening ... ok
test windowed::event_loop_harness::tests::drain_breaks_without_popping_when_active_tab_mirror_is_busy ... ok
test windowed::event_loop_harness::tests::drain_restores_requeued_event_to_front_when_delivery_context_busy ... ok
test windowed::event_loop_harness::tests::drain_routes_characters_through_real_dispatch_into_composer_draft ... ok
test windowed::event_loop_harness::tests::matching_ctrl_tab_key_up_never_reaches_agent ... ok
test windowed::event_loop_harness::tests::non_reserved_ctrl_key_sequence_still_reaches_focused_agent ... ok
test windowed::event_loop_harness::tests::os_stage_shell_shortcut_release_never_reaches_agent ... ok
test windowed::event_loop_harness::tests::focus_cleared_when_lease_revoked ... ok
test windowed::event_loop_harness::tests::page_down_scrolls_focused_tile_not_tile_under_pointer ... ok
test widget_startup::tests::on_disk_bundle_overrides_builtin_by_type_name ... ok
test windowed::event_loop_harness::tests::page_up_scrolls_focused_tile_not_tile_under_pointer ... ok
test windowed::event_loop_harness::tests::raw_mouse_motion_ticks_only_while_armed ... ok
test operator::update::tests::valid_signature_is_staged_beside_the_exe_and_nothing_is_swapped ... ok
test windowed::event_loop_harness::tests::pointer_up_on_action_enqueues_pending_action ... ok
test windowed::event_loop_harness::tests::real_keyboard_drain_dispatches_activate_command_and_local_feedback ... ok
test windowed::event_loop_harness::tests::real_keyboard_drain_dispatches_cancel_before_focus_owner_is_lost ... ok
test windowed::event_loop_harness::tests::real_keyboard_drain_dispatches_navigate_next_to_new_focus_owner ... ok
test windowed::event_loop_harness::tests::wheel_scroll_still_targets_tile_under_pointer_not_focused_tile ... ok
test windowed::hittest::tests::combined_overlay_hit_regions_includes_zone_interaction_regions ... ok
test windowed::hittest::tests::combined_overlay_hit_regions_includes_content_tile_regions ... ok
test windowed::hittest::tests::cursor_refresh_origin_does_not_query_monitor_when_window_position_exists ... ok
test windowed::hittest::tests::cursor_refresh_origin_falls_back_to_monitor_position ... ok
test windowed::hittest::tests::content_tile_with_hit_region_node_registers_capture_region ... ok
test windowed::hittest::tests::fullscreen_captures_pointer_even_with_regions_present ... ok
test windowed::hittest::tests::fullscreen_captures_pointer_outside_any_hit_region ... ok
test windowed::hittest::tests::overlay_capture_includes_focused_portal_affordances ... ok
test windowed::hittest::tests::overlay_cursor_inside_hit_region_is_captured ... ok
test windowed::event_loop_harness::tests::viewer_close_button_dismisses_hovered_tile_and_notifies_owner ... ok
test windowed::hittest::tests::overlay_multiple_hit_regions_union_semantics ... ok
test windowed::hittest::tests::overlay_cursor_outside_all_hit_regions_passes_through ... ok
test windowed::hittest::tests::overlay_no_hit_regions_passes_through_all_events ... ok
test windowed::hittest::tests::scene_display_area_sync_ignores_zero_dimensions ... ok
test windowed::hittest::tests::screen_cursor_with_nonzero_window_origin_becomes_window_relative ... ok
test windowed::hittest::tests::passthrough_tile_with_hit_region_does_not_register_capture_region ... ok
test windowed::hittest::tests::scene_display_area_sync_uses_actual_surface_size ... ok
test windowed::hittest::tests::screen_cursor_without_window_origin_does_not_guess_local_coordinates ... ok
test windowed::hittest::tests::tile_with_accepts_pointer_false_does_not_register_capture_region ... ok
test windowed::input_dispatch::tests::capture_release_dispatch_propagates_set_mono_timestamp ... ok
test windowed::input_dispatch::tests::deliver_composer_batch_cancel_emits_draft_cancel_event ... ok
test windowed::input_dispatch::tests::deliver_composer_batch_empty_batch_sends_nothing ... ok
test windowed::input_dispatch::tests::deliver_composer_batch_latest_emits_draft_state_event ... ok
test windowed::input_dispatch::tests::deliver_composer_batch_no_op_when_tx_is_none ... ok
test windowed::input_dispatch::tests::deliver_composer_batch_post_submit_clear_sequence_exceeds_submission ... ok
test windowed::input_dispatch::tests::deliver_composer_batch_submit_cycle_correct_order_and_sequences ... ok
test windowed::input_dispatch::tests::deliver_composer_batch_submit_emits_draft_submit_event ... ok
test windowed::input_dispatch::tests::dispatch_pointer_event_timestamp_mono_us_is_non_zero ... ok
test windowed::input_dispatch::tests::enqueue_input_drops_oldest_when_full ... ok
test windowed::input_dispatch::tests::focus_dispatch_propagates_set_mono_timestamps ... ok
test windowed::input_dispatch::tests::mouse_wheel_delta_negative_line_scrolls_down_transcript ... ok
test windowed::input_dispatch::tests::mouse_wheel_delta_positive_line_scrolls_toward_top ... ok
test windowed::input_dispatch::tests::scroll_offset_dispatch_propagates_set_mono_timestamp ... ok
test windowed::keyboard::tests::bare_tab_chord_predicate_matches_keydown_and_keyup_intercepts ... ok
test windowed::keyboard::tests::default_keyboard_bindings_cover_the_command_vocabulary ... ok
test windowed::keyboard::tests::keyboard_drain_stops_at_initial_queue_length_when_events_arrive_mid_drain ... ok
test windowed::keyboard::tests::restore_front_requeued_event_keeps_blocked_event_ahead_of_later_events ... ok
test widget_startup::tests::builtin_bundles_register_without_any_paths ... ok
test windowed::input_dispatch::tests::dispatch_pointer_event_timestamp_mono_us_is_monotonic ... ok
test windowed::lifecycle::tests::foreground_lock_timeout_is_not_changed_without_a_saved_value ... ok
test windowed::input_dispatch::tests::nanoseconds_since_start_is_monotonic ... ok
test windowed::lifecycle::tests::foreground_lock_timeout_is_restored_after_a_failed_clear ... ok
test windowed::lifecycle::tests::foreground_lock_timeout_is_restored_after_focus ... ok
test windowed::lifecycle::tests::foreground_lock_timeout_restore_failure_is_reported ... ok
test windowed::lifecycle::tests::foreground_lock_timeout_zero_is_not_rewritten ... ok
test windowed::lifecycle::tests::pending_input_latency_clamps_sub_microsecond_local_ack_to_nonzero_sample ... ok
test windowed::lifecycle::tests::pending_input_latency_drains_into_split_latency_fields ... ok
test windowed::lifecycle::tests::seed_windowed_benchmark_scene_creates_deterministic_tile_stack ... ok
test windowed::lifecycle::tests::seed_windowed_benchmark_scene_uses_unique_tab_order ... ok
test windowed::lifecycle::tests::quiescent_measurement_uses_only_the_post_settle_runtime_counter_delta ... ok
test windowed::lifecycle::tests::successful_surface_recovery_repaints_an_unchanged_scene ... ok
test windowed::lifecycle::tests::surface_repaint_requirement_survives_lock_miss_until_submit ... ok
test windowed::lifecycle::tests::unchanged_windowed_benchmark_scene_presents_every_requested_sample ... ok
test windowed::lifecycle::tests::windowed_benchmark_does_not_count_skipped_present_attempt ... ok
test windowed::lifecycle::tests::windowed_benchmark_does_not_treat_zero_input_latency_as_sample ... ok
test windowed::lifecycle::tests::windowed_benchmark_records_nonzero_split_input_latency ... ok
test windowed::monitor_identity::tests::non_windows_is_empty ... ok
test windowed::monitor_identity::tests::path_instance_extracts_uid_segment ... ok
test windowed::monitor_identity::tests::read_growing_retries_with_the_size_the_registry_asks_for ... ok
test windowed::monitor_identity::tests::rejects_malformed_blocks ... ok
test windowed::monitor_identity::tests::serial_precedence_descriptor_numeric_blank ... ok
test windowed::network::tests::attach_info_uses_psk_placeholder ... ok
test windowed::lifecycle::tests::benchmark_watchdog_does_not_fire_immediately_after_record ... ok
test windowed::lifecycle::tests::benchmark_watchdog_fires_when_no_frame_recorded_past_timeout ... ok
test windowed::network::tests::start_network_services_grpc_port_zero_returns_no_runtime ... ok
test windowed::network::tests::start_network_services_nonzero_port_returns_runtime_and_handle ... ok
test windowed::network::tests::startup_banner_never_contains_psk ... ok
test windowed::network::tests::startup_banner_states_hotkey_failure ... ok
test windowed::portal::tests::accepted_raw_tile_submission_enqueues_viewer_echo ... ok
test windowed::portal::tests::adapter_republish_after_resize_keeps_transcript_wrapped_to_resized_pane ... ok
test windowed::portal::tests::adapter_republish_cannot_fracture_resized_portal_group ... ok
test windowed::portal::tests::approx_wrapped_visual_rows_over_counts_soft_wrapped_line ... ok
test windowed::network::tests::start_network_services_loopback_default_binds_successfully ... ok
test windowed::portal::tests::approx_wrapped_visual_rows_over_counts_wide_glyphs ... ok
test windowed::portal::tests::cancelled_wait_claims_a_deadline_crossed_before_settle_checkpoint ... ok
test windowed::portal::tests::authority_attached_submit_snaps_scrolled_back_history_to_tail ... ok
test windowed::portal::tests::cjk_history_seed_accounts_for_timestamp_prefix_wrap ... ok
test windowed::portal::tests::cjk_history_seeds_offset_past_compositor_real_max_scrollback ... ok
test windowed::portal::tests::composer_pointer_down_folds_h_scroll_into_single_line_hit_test ... ok
test windowed::portal::tests::compute_portal_max_dims_display_boundary_is_more_restrictive ... ok
test windowed::portal::tests::compute_portal_max_dims_lease_budget_floored_to_token_minimum ... ok
test windowed::portal::tests::compute_portal_max_dims_lease_budget_is_more_restrictive ... ok
test windowed::portal::tests::composer_pointer_down_then_drag_selects_byte_range_via_glyph_hit_test ... ok
test windowed::portal::tests::compute_portal_max_dims_unconstrained_uses_display_boundary ... ok
test windowed::portal::tests::compute_portal_max_dims_uses_display_w_not_display_w_minus_tile_x ... ok
test windowed::portal::tests::ctrl_resize_hotkey_ignored_when_focused_surface_is_not_a_portal ... ok
test windowed::portal::tests::ctrl_resize_hotkey_ignores_unfocused_portal_on_windowed_dispatch_path ... ok
test windowed::portal::tests::ctrl_resize_hotkey_is_captured_by_safe_mode_before_resizing ... ok
test windowed::portal::tests::ctrl_resize_hotkey_resizes_focused_portal_while_composer_active ... ok
test windowed::portal::tests::ctrl_resize_hotkey_resizes_portal_focused_via_tab_without_pointer ... ok
test windowed::portal::tests::ctrl_resize_hotkey_scales_whole_portal_not_just_focused_surface ... ok
test windowed::portal::tests::ctrl_resize_keyup_fallback_resizes_when_live_windows_omits_keydown ... ok
test windowed::portal::tests::ctrl_shift_arrow_dispatch_respects_composer_focus ... ok
test windowed::portal::tests::ctrl_shift_arrow_width_resize_noop_when_unfocused ... ok
test windowed::portal::tests::ctrl_shift_arrow_width_resize_scales_whole_portal_and_locks ... ok
test windowed::portal::tests::ctrl_shift_arrow_width_resize_then_republish_reconciles_to_narrower_pane ... ok
test windowed::portal::tests::drag_move_is_position_only_no_version_bump_repaints_each_frame ... ok
test windowed::portal::tests::drag_move_single_non_portal_tile_is_not_group_translated ... ok
test windowed::portal::tests::drag_move_translates_whole_portal_group_coherently ... ok
test windowed::portal::tests::drag_resize_pointer_move_bumps_scene_version_on_size_change ... ok
test windowed::portal::tests::drag_to_move_long_press_moves_tile_bounds ... ok
test windowed::event_loop_harness::tests::held_scene_lock_retries_real_keyboard_drain_only_after_availability ... ok
test windowed::portal::tests::drag_to_move_quick_tap_does_not_move_tile ... ok
test windowed::portal::tests::empty_portal_ingress_drain_does_not_create_a_compositor_generation ... ok
test windowed::portal::tests::enter_on_focused_portal_control_activates_via_synthetic_pointer ... ok
test windowed::portal::tests::enqueue_pointer_corner_drag_resizes_whole_portal_after_click_to_focus ... ok
test windowed::portal::tests::escape_on_composerless_stop_clears_focus_to_none ... ok
test windowed::portal::tests::escape_on_focused_portal_control_recovers_to_composer ... ok
test windowed::portal::tests::gesture_active_is_true_during_pointer_drag ... ok
test windowed::portal::tests::ctrl_shift_arrow_width_resize_clamps_at_display_edge ... ok
test windowed::portal::tests::input_history_band_height_under_estimates_tile_height ... ok
test windowed::portal::tests::input_history_seed_metrics_follow_portal_font_clamp ... ok
test windowed::portal::tests::main_only_portal_publish_drains_to_one_post_mutation_scene_wake ... ok
test windowed::portal::tests::multi_device_resize_move_and_up_route_to_matching_device_gesture ... ok
test windowed::portal::tests::non_submission_batch_enqueues_no_viewer_echo ... ok
test windowed::portal::tests::ordinary_pointer_down_does_not_request_guaranteed_feedback_spin ... ok
test windowed::portal::tests::overflowing_raw_tile_submission_registers_scroll_and_seeds_tail ... ok
test windowed::portal::tests::pointer_affordance_resize_scales_whole_portal_from_frame ... ok
test windowed::portal::tests::pointer_down_in_content_area_does_not_start_gesture ... ok
test windowed::portal::tests::pointer_down_on_affordance_starts_gesture ... ok
test windowed::portal::tests::pointer_down_on_drag_handle_requests_guaranteed_feedback_from_snapshot_gate ... ok
test windowed::portal::tests::pointer_down_on_multi_surface_frame_corner_requests_guaranteed_feedback ... ok
test windowed::portal::tests::pointer_down_on_resize_affordance_requests_guaranteed_feedback_from_snapshot_gate ... ok
test windowed::portal::tests::pointer_drag_respects_lease_bound_maximum ... ok
test windowed::lifecycle::tests::spin_acquire_waits_out_brief_holder_but_yields_on_overrun ... ok
test windowed::portal::tests::pointer_move_during_gesture_updates_tile_bounds_locally ... ok
test windowed::portal::tests::pointer_resize_starts_from_frame_corner_regardless_of_focused_pane ... ok
test windowed::portal::tests::pointer_up_ends_gesture_and_returns_geometry_event ... ok
test windowed::portal::tests::portal_resize_state_preserved_for_live_tiles ... ok
test windowed::portal::tests::portal_resize_state_pruned_after_tile_removal ... ok
test windowed::portal::tests::portal_resize_state_pruned_via_drain_queue_on_tile_removal ... ok
test windowed::portal::tests::resize_then_drag_keeps_portal_group_coherent ... ok
test windowed::portal::tests::resized_raw_history_rebases_existing_seed_before_tail_reset ... ok
test windowed::portal::tests::resized_raw_history_tail_seed_scales_line_band_and_character_advances ... ok
test windowed::portal::tests::scale_portal_surface_parts_scales_tile_local_bounds ... ok
test windowed::portal::tests::resubmitting_after_scroll_back_snaps_history_to_tail ... ok
test windowed::portal::tests::shell_reserved_ctrl_tab_does_not_resize_focused_portal ... ok
test windowed::portal::tests::single_tile_move_fallback_is_position_only ... ok
test windowed::portal::tests::shrunk_clamped_raw_history_rebases_wrap_before_tail_reset ... ok
test windowed::portal::tests::soft_wrapped_history_seeds_offset_past_compositor_real_max_scrollback ... ok
test windowed::portal::tests::typed_portal_deadline_owns_the_single_post_mutation_wake ... ok
test windowed::portal::tests::typing_on_focused_portal_control_recovers_to_composer ... ok
test windowed::portal::tests::typing_while_scrolled_back_resets_history_scroll_to_tail ... ok
test windowed::portal::tests::whitespace_only_submission_enqueues_no_viewer_echo ... ok
test windowed::portal::tests::whole_portal_resize_accumulates_font_scale_by_width_ratio ... ok
test windowed::portal::tests::whole_portal_drag_writes_durable_override_for_every_member ... ok
test windowed::portal::tests::whole_portal_resize_reflows_transcript_text_to_new_pane_width ... ok
test windowed::portal::tests::whole_portal_resize_scales_surface_part_bounds ... ok
test windowed::portal::tests::whole_portal_resize_writes_durable_override_for_every_member ... ok
test windowed::safe_mode_toggle::tests::toggle_enters_when_inactive_and_exits_when_active ... ok
test windowed::test_support::tests::active_tab_try_lock_returns_none_when_lock_held ... ok
test windowed::test_support::tests::click_focus_uses_hit_tile_tab_not_stale_active_tab ... ok
test windowed::test_support::tests::composer_echo_applies_while_scene_lock_is_held ... ok
test windowed::test_support::tests::dispatch_key_down_safe_mode_check_precedes_fifo_guard ... ok
test windowed::test_support::tests::dpi_100pct_no_regression ... ok
test windowed::test_support::tests::dpi_125pct_overlay_covers_full_physical_display ... ok
test windowed::test_support::tests::dpi_150pct_overlay_covers_full_physical_display ... ok
test windowed::test_support::tests::drain_stops_on_busy_lock_preserving_fifo ... ok
test windowed::test_support::tests::pending_keyboard_drain_consumes_queue_and_applies_all_keys ... ok
test windowed::test_support::tests::pending_keyboard_event_wraps_all_variants_without_loss ... ok
test windowed::test_support::tests::pending_keyboard_queue_preserves_fifo_order ... ok
test windowed::test_support::tests::surface_dimension_resolution_does_not_multiply_by_scale_factor ... ok
test windowed::test_support::tests::surface_dimension_resolution_falls_back_to_configured_when_zero ... ok
test windowed::test_support::tests::surface_dimension_resolution_prefers_actual_size ... ok
test windowed::test_support::tests::zone_dismiss_on_pointer_up_removes_notification ... ok
test windowed::test_support::tests::zone_dismiss_only_on_pointer_up_not_down ... ok
test windowed::wake::tests::already_due_work_uses_wait_until_not_poll ... ok
test windowed::wake::tests::arrival_after_drain_checkpoint_is_finished_by_the_next_drain ... ok
test windowed::wake::tests::benchmark_cadence_rearms_with_successive_wait_until_deadlines ... ok
test windowed::wake::tests::compositor_lock_miss_waits_for_release_instead_of_frame_cadence ... ok
test windowed::wake::tests::cursor_entry_armed_only_with_hit_regions_in_passthrough ... ok
test windowed::wake::tests::device_events_transition_changes_only_on_edges ... ok
test windowed::wake::tests::direct_render_work_wakes_once_without_post_settle_debt ... ok
test windowed::wake::tests::earliest_future_deadline_selects_wait_until ... ok
test windowed::wake::tests::frame_ready_does_not_bypass_the_next_compositor_deadline ... ok
test windowed::wake::tests::held_scene_lock_has_no_retry_wake_and_one_main_render_after_release ... ok
test windowed::wake::tests::main_owned_work_gets_a_post_mutation_compositor_generation ... ok
test windowed::portal::tests::header_band_anchor_is_the_frame_and_band_drag_is_position_only ... FAILED
test windowed::wake::tests::main_work_checkpoint_preserves_each_timer_source_across_late_arrival ... ok
test windowed::wake::tests::notification_before_park_is_observed_from_the_pre_work_checkpoint ... ok
test operator::handoff::tests::restart_is_single_flight_and_failure_leaves_it_retryable ... ok
test windowed::wake::tests::os_event_generation_notifies_only_after_the_settle_checkpoint_finishes ... ok
test windowed::wake::tests::portal_scene_change_without_typed_work_notifies_once_after_settle ... ok
test windowed::wake::tests::repeated_main_only_ingress_does_not_advance_compositor_generation ... ok
test windowed::wake::tests::sixty_seconds_of_static_idle_has_zero_runtime_wakeups ... ok
test windowed::wake::tests::static_idle_selects_wait_without_a_bounded_poll ... ok
test windowed::wake::tests::timeout_is_attributed_to_its_deadline_source ... ok
test windowed::wake::tests::typed_deadline_owns_one_portal_scene_change_generation ... ok
test windowed::wake_accounting_tests::deferred_past_portal_deadline_waits_for_availability_not_immediate_retry ... ok
test windowed::wake_accounting_tests::passive_window_events_do_not_create_main_work_debt ... ok
test windowed::portal::tests::held_scene_lock_retries_portal_drain_only_after_availability ... ok
test windowed::wake::tests::notification_during_park_wakes_the_waiter ... ok
test windowed::wake_accounting_tests::terminal_surface_recovery_triggers_gpu_lost_shutdown ... ok
test windowed::widgets::tests::hover_tracker_region_resolves_from_widget_geometry ... ok
test windowed::widgets::tests::ime_anchor_clamps_x_into_region ... ok
test windowed::widgets::tests::ime_anchor_corrects_for_single_line_h_scroll ... ok
test windowed::widgets::tests::ime_anchor_falls_back_to_node_interior_without_layout ... ok
test windowed::widgets::tests::ime_anchor_uses_shaped_caret_x_single_line ... ok
test windowed::widgets::tests::ime_anchor_uses_visual_row_multi_line ... ok
test windowed::widgets::tests::resolve_composer_placeholder_empty_string_opts_out ... ok
test windowed::widgets::tests::resolve_composer_placeholder_falls_back_to_default_when_unset ... ok
test windowed::widgets::tests::resolve_composer_placeholder_uses_custom_override ... ok
test windowed::wake::tests::main_source_and_pending_transition_cannot_be_split_by_event_consumption ... ok
test windowed::safe_mode_toggle::tests::hotkey_event_enters_safe_mode_and_suspends_leases ... ok
test windowed::wake_accounting_tests::terminal_lease_expiry_bridge_forwards_each_scene_result_once ... ok
test headless::tests::canonical_one_node_update_repaints_only_the_changed_tile ... ok
test operator::update::tests::tampered_exe_or_signature_is_rejected_and_nothing_is_kept ... ok
test windowed::wake_accounting_tests::restarted_compositor_delivers_one_terminal_lease_pair_to_connected_owner ... ok
test operator::handoff::tests::wrong_nonce_silence_and_early_exit_kill_the_child_and_keep_the_old_instance ... ok
test headless::tests::transparent_overlap_update_repaints_only_the_changed_tile_and_its_overlap ... ok
test headless::tests::test_no_design_tokens_when_no_config_toml ... ok
test operator::handoff::tests::gate_opens_fails_and_retry_bind_gives_up ... ok
test headless::tests::test_headless_read_pixels_content_after_render ... ok
test headless::tests::test_headless_grpc_server_starts ... ok
test windowed::network::tests::deferred_bind_waits_for_the_gate_and_the_old_listener ... ok
test operator::update::tests::update_and_restart_exclude_each_other_through_one_busy_flag ... ok
test headless::tests::test_design_tokens_applied_when_config_toml_provided ... ok
test headless::tests::render_frame_reclaims_orphaned_lease_after_grace ... ok
test headless::tests::test_headless_runtime_no_grpc ... ok
test windowed::hittest::tests::windowed_post_render_refresh_updates_drag_handles_before_snapshot ... ok
test headless::tests::headless_initialization_is_serial_and_releases_after_failure ... ok

failures:

---- windowed::portal::tests::header_band_anchor_is_the_frame_and_band_drag_is_position_only stdout ----

thread 'windowed::portal::tests::header_band_anchor_is_the_frame_and_band_drag_is_position_only' panicked at crates/tze_hud_runtime/src/windowed/portal.rs:8135:9:
release must admit the cleared-border frame


failures:
    windowed::portal::tests::header_band_anchor_is_the_frame_and_band_drag_is_position_only

test result: FAILED. 532 passed; 1 failed; 0 ignored; 0 measured; 0 filtered out; finished in 0.79s

error: test failed, to rerun pass `-p tze_hud_runtime --lib`
error: recipe `test` failed on line 81 with exit code 101
